Id_hp,Nama_hp,Brand,Os,Resolusi_kamera,Stok_tersedia,Harga,Ram,Memori_internal,Ukuran_layar,Kapasitas_baterai,Rating_pengguna,Year
1,Apple Max 10,Apple,iOS,48MP,True,15015201,12,256,5.5,4000,2.4,1905
2,Apple Max 11,Apple,iOS,108MP,False,18727456,4,512,6.1,5000,4.4,2020
3,Apple Max 14,Apple,iOS,108MP,True,6526745,16,128,6.8,4000,4.1,2024
4,Apple Max 16,Apple,iOS,12MP,True,13673821,16,256,6.1,4000,4.6,2024
5,Apple Max 16,Apple,iOS,12MP,True,14212345,4,256,6.5,4500,4.4,2019
6,Apple Max 16,Apple,iOS,108MP,False,2295326,12,64,6.8,6000,5.0,2023
7,Apple Max 18,Apple,iOS,48MP,False,10540534,6,256,6.8,4000,3.6,2023
8,Apple Max 20,Apple,iOS,64MP,True,22889361,16,256,5.5,4000,3.7,2022
9,Apple Max 22,Apple,iOS,12MP,True,5677986,12,256,6.1,4500,3.4,2020
10,Apple Max 22,Apple,iOS,108MP,False,5102004,12,512,6.7,6000,3.0,2020
11,Apple Max 22,Apple,iOS,50MP,False,13155180,4,256,6.7,4000,1.7,2021
12,Apple Max 24,Apple,iOS,108MP,True,2427121,12,128,6.1,4500,1.7,2020
13,Apple Max 25,Apple,iOS,48MP,True,5585970,8,512,6.7,6000,4.0,2022
14,Apple Max 26,Apple,iOS,12MP,False,15409424,6,256,6.8,4000,4.2,2020
15,Apple Max 26,Apple,iOS,50MP,False,8469482,16,256,5.5,4500,1.5,2020
16,Apple Max 26,Apple,iOS,64MP,True,4084823,8,512,6.5,4000,3.0,2020
17,Apple Max 27,Apple,iOS,48MP,False,14366350,16,64,6.1,4000,2.3,2021
18,Apple Max 28,Apple,iOS,108MP,False,1825074,6,64,6.1,6000,1.7,2022
19,Apple Max 28,Apple,iOS,12MP,True,8449640,6,128,5.5,4000,3.3,2023
20,Apple Max 29,Apple,iOS,12MP,True,3402718,4,128,6.7,6000,1.6,2019
21,Apple Max 30,Apple,iOS,48MP,False,10411362,6,256,5.5,4000,2.8,2019
22,Apple Max 5,Apple,iOS,64MP,False,15442469,16,256,5.5,4000,4.4,2020
23,Apple Max 5,Apple,iOS,50MP,True,17123941,16,128,6.4,4000,4.8,2019
24,Apple Max 5,Apple,iOS,50MP,False,20254986,6,128,6.1,4500,1.4,2021
25,Apple Max 5,Apple,iOS,50MP,True,9280860,6,256,6.8,4500,1.5,2023
26,Apple Max 5,Apple,iOS,48MP,True,9555500,12,256,6.8,6000,4.8,2019
27,Apple Max 9,Apple,iOS,50MP,False,12141033,6,256,6.5,4000,2.5,2022
28,Apple Max 9,Apple,iOS,48MP,False,5883702,12,512,6.5,4000,2.1,2023
29,Apple Note 10,Apple,iOS,12MP,True,20053217,4,128,5.5,6000,1.2,2019
30,Apple Note 11,Apple,iOS,12MP,True,21383588,6,256,6.8,5000,3.2,2023
31,Apple Note 12,Apple,iOS,48MP,False,10016953,12,512,6.5,6000,4.9,2019
32,Apple Note 12,Apple,iOS,50MP,False,11403512,4,128,6.7,4500,1.2,2021
33,Apple Note 13,Apple,iOS,108MP,False,2227853,8,512,6.7,4500,4.6,2020
34,Apple Note 17,Apple,iOS,64MP,False,21438073,12,64,6.1,6000,1.2,2020
35,Apple Note 17,Apple,iOS,12MP,True,3170962,16,512,6.5,4000,2.6,2024
36,Apple Note 17,Apple,iOS,64MP,False,18937176,12,512,6.7,6000,2.6,2023
37,Apple Note 18,Apple,iOS,12MP,True,7876796,16,512,6.8,5000,1.9,2020
38,Apple Note 19,Apple,iOS,108MP,False,20594805,12,64,6.4,4000,1.5,2024
39,Apple Note 21,Apple,iOS,64MP,False,15024026,16,128,6.7,5000,3.3,2023
40,Apple Note 21,Apple,iOS,48MP,True,19425846,6,64,6.4,4500,1.6,2022
41,Apple Note 23,Apple,iOS,12MP,False,24700285,6,64,6.8,4500,4.1,2021
42,Apple Note 23,Apple,iOS,50MP,True,24469837,8,64,6.1,4500,3.2,2022
43,Apple Note 27,Apple,iOS,108MP,False,16924171,16,128,6.1,4000,2.0,2019
44,Apple Note 30,Apple,iOS,12MP,True,9539529,16,512,6.5,6000,4.1,2021
45,Apple Note 30,Apple,iOS,108MP,True,13864284,4,512,6.8,4500,1.6,2021
46,Apple Note 5,Apple,iOS,50MP,False,8106752,16,256,6.5,4000,3.4,2021
47,Apple Note 6,Apple,iOS,108MP,True,7653125,4,128,6.5,5000,2.5,2023
48,Apple Note 9,Apple,iOS,108MP,False,23125022,16,64,6.5,4000,2.1,2021
49,Apple Pro 10,Apple,iOS,48MP,False,6667904,4,128,6.5,4000,3.4,2024
50,Apple Pro 11,Apple,iOS,48MP,False,10444980,4,64,6.8,4500,2.3,2022
51,Apple Pro 15,Apple,iOS,64MP,True,3112708,4,256,6.1,6000,4.4,2019
52,Apple Pro 16,Apple,iOS,48MP,True,4620844,4,512,6.7,4000,1.5,2022
53,Apple Pro 16,Apple,iOS,12MP,True,23054554,8,512,6.1,5000,2.6,2020
54,Apple Pro 18,Apple,iOS,108MP,True,8625080,12,256,6.4,6000,1.5,2023
55,Apple Pro 20,Apple,iOS,108MP,False,22908533,6,256,6.1,6000,3.3,2021
56,Apple Pro 21,Apple,iOS,64MP,False,8139005,6,512,5.5,5000,1.6,2023
57,Apple Pro 23,Apple,iOS,108MP,False,4023723,4,64,6.8,6000,2.7,2021
58,Apple Pro 23,Apple,iOS,108MP,False,21233299,12,128,6.4,4000,3.3,2020
59,Apple Pro 23,Apple,iOS,108MP,True,24970582,12,256,6.7,4000,3.4,2019
60,Apple Pro 24,Apple,iOS,50MP,False,4981548,4,256,6.4,4000,4.9,2023
61,Apple Pro 26,Apple,iOS,64MP,False,23786395,6,512,6.7,4000,4.2,2019
62,Apple Pro 26,Apple,iOS,48MP,False,7115864,4,512,6.5,6000,1.5,2021
63,Apple Pro 26,Apple,iOS,108MP,True,15426385,4,512,6.4,6000,2.5,2019
64,Apple Pro 26,Apple,iOS,12MP,True,12127511,12,512,6.4,6000,2.9,2019
65,Apple Pro 28,Apple,iOS,108MP,True,16091014,12,256,6.8,5000,3.7,2023
66,Apple Pro 29,Apple,iOS,108MP,False,20266284,12,128,6.8,6000,1.3,2019
67,Apple Pro 29,Apple,iOS,64MP,False,6096770,6,512,6.5,4000,1.7,2022
68,Apple Pro 30,Apple,iOS,50MP,True,11798468,6,512,6.5,6000,2.6,2024
69,Apple Pro 6,Apple,iOS,48MP,True,23381908,8,256,6.4,4000,4.0,2020
70,Apple Pro 7,Apple,iOS,108MP,True,10794912,6,128,5.5,6000,1.9,2020
71,Apple Ultra 10,Apple,iOS,48MP,False,14193353,16,512,6.8,4000,3.2,2021
72,Apple Ultra 10,Apple,iOS,12MP,False,13824991,12,256,6.4,5000,3.5,2022
73,Apple Ultra 11,Apple,iOS,64MP,False,6943201,8,128,6.1,6000,2.0,2022
74,Apple Ultra 12,Apple,iOS,108MP,True,1640837,8,256,6.1,5000,3.0,2021
75,Apple Ultra 12,Apple,iOS,108MP,False,3955206,6,64,6.1,5000,2.5,2023
76,Apple Ultra 13,Apple,iOS,12MP,True,11449582,4,64,6.7,5000,1.8,2022
77,Apple Ultra 14,Apple,iOS,64MP,True,12717545,4,64,6.1,6000,2.3,2019
78,Apple Ultra 14,Apple,iOS,48MP,False,20525361,16,256,5.5,6000,3.6,2022
79,Apple Ultra 17,Apple,iOS,48MP,False,5641772,6,64,6.7,6000,4.2,2020
80,Apple Ultra 17,Apple,iOS,108MP,False,3195589,12,64,6.7,4500,4.5,2019
81,Apple Ultra 18,Apple,iOS,12MP,True,17844033,6,64,6.8,5000,1.3,2023
82,Apple Ultra 18,Apple,iOS,108MP,False,14163933,4,128,6.1,5000,4.5,2024
83,Apple Ultra 18,Apple,iOS,108MP,False,7495284,12,256,6.1,4500,4.4,2019
84,Apple Ultra 19,Apple,iOS,108MP,False,18328430,6,64,5.5,6000,1.9,2024
85,Apple Ultra 19,Apple,iOS,12MP,True,16876410,12,512,6.5,4000,1.7,2023
86,Apple Ultra 19,Apple,iOS,48MP,False,6072521,8,64,6.5,5000,3.0,2024
87,Apple Ultra 20,Apple,iOS,48MP,False,4937180,4,64,6.5,4000,2.8,2020
88,Apple Ultra 25,Apple,iOS,48MP,True,10282576,6,512,6.8,4500,2.0,2022
89,Apple Ultra 25,Apple,iOS,108MP,False,23567108,12,512,5.5,4500,4.5,2019
90,Apple Ultra 25,Apple,iOS,108MP,False,18749053,12,256,5.5,6000,4.2,2019
91,Apple Ultra 27,Apple,iOS,12MP,False,8204432,16,512,6.7,5000,1.9,2020
92,Apple Ultra 27,Apple,iOS,108MP,False,6860716,16,256,6.1,4500,1.3,2024
93,Apple Ultra 28,Apple,iOS,12MP,True,21198658,8,64,6.4,4500,1.3,2019
94,Apple Ultra 6,Apple,iOS,12MP,True,2908243,12,256,5.5,4000,3.6,2024
95,Apple Ultra 8,Apple,iOS,64MP,False,19208177,4,512,6.8,6000,2.5,2024
96,Apple Ultra 9,Apple,iOS,64MP,True,19607857,8,256,5.5,5000,2.2,2020
97,Asus Max 10,Asus,Android,50MP,False,8958779,6,256,5.5,5000,2.7,2020
98,Asus Max 10,Asus,Android,48MP,True,3889741,12,512,6.1,5000,3.2,2022
99,Asus Max 13,Asus,Android,108MP,True,19945806,8,256,6.4,4000,1.1,2023
100,Asus Max 13,Asus,Android,108MP,True,8002176,6,128,6.7,4000,4.0,2019
101,Asus Max 14,Asus,Android,108MP,True,24416327,8,128,6.4,4500,1.3,2021
102,Asus Max 14,Asus,Android,64MP,False,20561462,12,512,6.5,4000,4.3,2024
103,Asus Max 14,Asus,Android,108MP,False,7832381,12,512,6.4,5000,2.7,2023
104,Asus Max 15,Asus,Android,12MP,False,11140337,16,512,6.5,4000,4.2,2022
105,Asus Max 17,Asus,Android,108MP,True,7322020,16,256,6.7,4500,3.3,2022
106,Asus Max 17,Asus,Android,48MP,True,8868509,4,512,6.4,4500,2.1,2023
107,Asus Max 18,Asus,Android,50MP,True,6433219,4,512,6.7,4000,2.3,2023
108,Asus Max 20,Asus,Android,12MP,False,24582307,6,128,6.5,4500,1.1,2020
109,Asus Max 21,Asus,Android,64MP,False,16332991,8,512,5.5,6000,3.7,2023
110,Asus Max 23,Asus,Android,12MP,False,18395227,4,128,6.4,5000,3.3,2020
111,Asus Max 23,Asus,Android,50MP,True,15531434,4,512,6.8,5000,2.5,2020
112,Asus Max 24,Asus,Android,108MP,False,6967591,16,512,6.1,6000,2.9,2020
113,Asus Max 26,Asus,Android,50MP,False,17959493,4,256,6.4,5000,2.2,2022
114,Asus Max 28,Asus,Android,12MP,True,17543754,12,64,6.4,4000,1.0,2020
115,Asus Max 29,Asus,Android,50MP,True,10698492,16,512,6.7,5000,2.2,2024
116,Asus Max 29,Asus,Android,50MP,True,4333907,12,64,6.5,5000,2.0,2023
117,Asus Max 30,Asus,Android,48MP,False,17589896,6,64,6.7,4500,4.5,2024
118,Asus Max 30,Asus,Android,12MP,False,7866160,8,512,6.4,4500,3.8,2020
119,Asus Max 5,Asus,Android,50MP,False,19179698,12,256,6.4,5000,1.3,2024
120,Asus Max 6,Asus,Android,50MP,True,14180257,8,256,6.4,4500,3.7,2019
121,Asus Max 7,Asus,Android,12MP,True,16258773,4,64,6.1,6000,2.9,2024
122,Asus Max 8,Asus,Android,50MP,True,10383320,16,256,6.8,5000,4.4,2020
123,Asus Max 8,Asus,Android,48MP,True,6152007,8,64,6.8,6000,4.4,2023
124,Asus Max 9,Asus,Android,64MP,False,22902608,16,256,6.1,4000,2.9,2021
125,Asus Max 9,Asus,Android,50MP,False,20334530,6,512,6.4,5000,4.9,2019
126,Asus Max 9,Asus,Android,12MP,False,4438166,12,128,5.5,6000,3.3,2023
127,Asus Max 9,Asus,Android,48MP,False,8838953,16,128,6.4,4500,1.4,2020
128,Asus Note 11,Asus,Android,108MP,True,22055924,6,64,6.1,4500,1.8,2022
129,Asus Note 12,Asus,Android,50MP,True,7273202,4,64,6.1,4000,1.5,2023
130,Asus Note 12,Asus,Android,12MP,False,4655928,16,128,6.5,4500,4.1,2023
131,Asus Note 13,Asus,Android,50MP,True,23768423,8,64,5.5,4000,2.5,2020
132,Asus Note 14,Asus,Android,64MP,True,13563255,8,256,6.1,4500,4.6,2022
133,Asus Note 14,Asus,Android,64MP,True,11846718,6,128,6.4,4000,4.9,2020
134,Asus Note 15,Asus,Android,108MP,True,8042556,16,256,6.1,4000,4.4,2022
135,Asus Note 16,Asus,Android,50MP,True,2387778,4,256,6.1,4500,3.3,2020
136,Asus Note 16,Asus,Android,50MP,False,17504991,4,64,5.5,5000,1.3,2019
137,Asus Note 17,Asus,Android,12MP,True,13228493,16,64,5.5,4000,2.1,2023
138,Asus Note 18,Asus,Android,12MP,False,19703490,16,64,6.8,4500,4.3,2020
139,Asus Note 19,Asus,Android,64MP,False,21723060,6,128,6.8,6000,2.9,2021
140,Asus Note 19,Asus,Android,108MP,True,7128044,12,64,5.5,6000,1.2,2020
141,Asus Note 21,Asus,Android,50MP,True,16614117,6,256,6.1,4500,3.0,2022
142,Asus Note 23,Asus,Android,12MP,True,13093582,16,256,6.5,4000,2.8,2023
143,Asus Note 23,Asus,Android,108MP,False,6674769,12,128,6.5,5000,3.5,2022
144,Asus Note 24,Asus,Android,12MP,True,10813650,12,128,6.4,5000,3.9,2021
145,Asus Note 25,Asus,Android,48MP,True,12357707,8,256,6.7,4000,1.2,2020
146,Asus Note 27,Asus,Android,50MP,False,7344103,8,256,6.1,5000,1.9,2019
147,Asus Note 28,Asus,Android,64MP,False,11213849,16,512,5.5,4500,2.4,2020
148,Asus Note 30,Asus,Android,108MP,True,18481957,12,512,6.5,5000,4.1,2021
149,Asus Note 6,Asus,Android,12MP,True,15160268,8,64,6.7,5000,4.6,2019
150,Asus Note 6,Asus,Android,50MP,True,15515142,8,512,6.8,4500,3.2,2021
151,Asus Note 7,Asus,Android,108MP,True,17642366,6,512,6.8,5000,4.3,2022
152,Asus Note 9,Asus,Android,108MP,True,10226485,8,256,5.5,5000,4.5,2019
153,Asus Pro 10,Asus,Android,48MP,True,8909174,12,64,6.5,5000,3.9,2021
154,Asus Pro 10,Asus,Android,48MP,True,11180445,6,128,5.5,4000,1.6,2020
155,Asus Pro 11,Asus,Android,64MP,False,17343299,4,128,6.7,4000,1.1,2019
156,Asus Pro 12,Asus,Android,64MP,True,2191706,6,64,6.1,4500,4.3,2020
157,Asus Pro 13,Asus,Android,48MP,False,15527658,4,64,6.1,4500,1.6,2021
158,Asus Pro 16,Asus,Android,12MP,True,14809339,12,256,6.4,6000,4.9,2023
159,Asus Pro 17,Asus,Android,12MP,True,2655950,12,256,6.7,6000,4.4,2023
160,Asus Pro 18,Asus,Android,108MP,False,21469645,4,512,6.5,6000,3.2,2023
161,Asus Pro 18,Asus,Android,48MP,True,14964658,12,512,6.1,5000,1.5,2021
162,Asus Pro 18,Asus,Android,108MP,False,6413894,8,512,6.4,5000,3.1,2023
163,Asus Pro 19,Asus,Android,64MP,False,9894258,16,64,5.5,6000,4.8,2022
164,Asus Pro 19,Asus,Android,12MP,False,19300084,16,64,6.1,6000,1.6,2020
165,Asus Pro 19,Asus,Android,50MP,True,10332412,12,256,6.1,4500,1.1,2020
166,Asus Pro 19,Asus,Android,50MP,False,24424506,6,256,6.8,6000,1.6,2019
167,Asus Pro 19,Asus,Android,108MP,False,6296609,4,64,6.1,4000,1.8,2024
168,Asus Pro 21,Asus,Android,64MP,True,12660513,6,64,5.5,4500,1.3,2021
169,Asus Pro 22,Asus,Android,50MP,False,20573424,8,128,6.1,4500,3.9,2019
170,Asus Pro 22,Asus,Android,64MP,True,16569886,6,512,6.1,5000,5.0,2023
171,Asus Pro 23,Asus,Android,48MP,True,11669763,12,64,6.7,6000,3.6,2023
172,Asus Pro 24,Asus,Android,12MP,False,14716471,16,128,6.8,4000,1.0,2023
173,Asus Pro 25,Asus,Android,108MP,False,2613823,8,256,6.1,5000,3.3,2021
174,Asus Pro 25,Asus,Android,108MP,False,9298992,8,128,6.4,5000,2.3,2021
175,Asus Pro 27,Asus,Android,48MP,True,16955640,8,512,6.1,4000,1.0,2024
176,Asus Pro 30,Asus,Android,12MP,False,3597207,6,256,6.1,4000,3.8,2023
177,Asus Pro 30,Asus,Android,50MP,True,22662403,12,256,6.7,4500,3.8,2024
178,Asus Pro 5,Asus,Android,108MP,True,12877788,8,256,6.7,4500,4.5,2022
179,Asus Pro 5,Asus,Android,48MP,False,4156483,6,256,6.4,4500,2.6,2023
180,Asus Pro 6,Asus,Android,50MP,True,22621182,8,512,6.8,4000,1.0,2019
181,Asus Pro 6,Asus,Android,50MP,False,3822569,8,128,5.5,6000,3.3,2021
182,Asus Pro 7,Asus,Android,64MP,True,9436982,4,256,6.4,5000,4.7,2020
183,Asus Pro 8,Asus,Android,50MP,False,22902837,6,256,6.1,4000,2.3,2022
184,Asus Pro 9,Asus,Android,50MP,False,1916622,12,256,6.8,4500,2.9,2022
185,Asus Ultra 11,Asus,Android,48MP,True,23911297,12,128,5.5,4500,3.1,2021
186,Asus Ultra 11,Asus,Android,108MP,True,18559606,4,512,6.1,4000,3.7,2021
187,Asus Ultra 12,Asus,Android,50MP,True,16498244,16,64,5.5,4000,4.9,2023
188,Asus Ultra 12,Asus,Android,64MP,False,18444839,4,512,6.4,4000,4.7,2023
189,Asus Ultra 14,Asus,Android,12MP,False,11840477,4,64,6.8,6000,2.3,2023
190,Asus Ultra 15,Asus,Android,108MP,True,9837235,16,256,6.8,6000,2.9,2022
191,Asus Ultra 15,Asus,Android,64MP,False,16493217,6,256,6.1,4500,3.8,2019
192,Asus Ultra 16,Asus,Android,12MP,False,4320043,4,512,6.8,4000,4.6,2020
193,Asus Ultra 16,Asus,Android,12MP,True,14889490,4,256,6.5,6000,2.6,2021
194,Asus Ultra 16,Asus,Android,108MP,True,3844843,4,256,6.7,5000,1.6,2021
195,Asus Ultra 17,Asus,Android,64MP,False,13673909,8,128,6.1,4000,3.4,2019
196,Asus Ultra 17,Asus,Android,108MP,False,2308865,16,128,5.5,4000,1.7,2024
197,Asus Ultra 18,Asus,Android,108MP,False,10306152,6,64,6.7,4000,2.0,2020
198,Asus Ultra 19,Asus,Android,64MP,False,3615265,8,256,5.5,5000,2.8,2021
199,Asus Ultra 19,Asus,Android,12MP,True,15792442,12,256,6.1,4000,1.6,2019
200,Asus Ultra 20,Asus,Android,64MP,True,5657669,12,256,6.1,4000,4.4,2020
201,Asus Ultra 23,Asus,Android,48MP,False,19774766,6,128,6.7,4000,4.7,2024
202,Asus Ultra 25,Asus,Android,50MP,False,24196492,8,128,6.4,5000,4.8,2022
203,Asus Ultra 26,Asus,Android,50MP,False,2757041,16,512,6.5,5000,4.7,2022
204,Asus Ultra 27,Asus,Android,108MP,False,15530082,16,256,6.1,4000,2.8,2022
205,Asus Ultra 28,Asus,Android,108MP,True,13922313,4,256,6.7,5000,2.8,2019
206,Asus Ultra 28,Asus,Android,108MP,False,21095525,12,64,6.1,5000,1.4,2021
207,Asus Ultra 29,Asus,Android,12MP,False,11572748,6,128,6.4,4000,1.7,2020
208,Asus Ultra 30,Asus,Android,108MP,True,5323457,6,256,6.5,5000,1.9,2020
209,Asus Ultra 6,Asus,Android,108MP,False,14913761,4,128,6.8,6000,3.3,2021
210,Asus Ultra 7,Asus,Android,50MP,True,16742071,16,256,6.7,4500,3.2,2019
211,Asus Ultra 7,Asus,Android,108MP,True,2978905,16,256,6.4,4500,4.7,2022
212,Asus Ultra 7,Asus,Android,12MP,False,12949223,6,128,6.7,6000,4.3,2020
213,Asus Ultra 8,Asus,Android,12MP,False,9950866,12,256,6.4,5000,2.4,2023
214,Asus Ultra 9,Asus,Android,48MP,True,10129005,12,256,6.4,4500,4.1,2022
215,Huawei Max 10,Huawei,Android,48MP,True,14677856,8,128,6.1,4000,1.0,2023
216,Huawei Max 13,Huawei,Android,108MP,True,6737009,12,128,5.5,4000,3.2,2024
217,Huawei Max 13,Huawei,Android,48MP,False,8398506,12,64,6.4,4000,1.4,2020
218,Huawei Max 14,Huawei,Android,50MP,True,7550312,16,128,6.8,4500,1.3,2023
219,Huawei Max 14,Huawei,Android,48MP,False,12940396,12,256,6.1,4000,4.5,2020
220,Huawei Max 15,Huawei,Android,50MP,True,5023372,6,512,6.1,5000,4.4,2021
221,Huawei Max 15,Huawei,Android,50MP,True,18325530,4,256,6.5,4000,1.5,2021
222,Huawei Max 16,Huawei,Android,64MP,True,8163221,4,256,6.7,6000,2.5,2023
223,Huawei Max 17,Huawei,Android,48MP,True,11114640,16,512,6.8,5000,2.6,2020
224,Huawei Max 18,Huawei,Android,50MP,False,6301481,8,256,6.1,5000,3.0,2023
225,Huawei Max 19,Huawei,Android,50MP,False,8127814,16,256,6.1,6000,2.8,2019
226,Huawei Max 20,Huawei,Android,108MP,False,10777097,4,512,5.5,4500,1.6,2023
227,Huawei Max 23,Huawei,Android,108MP,False,10368952,4,64,6.1,4500,3.7,2020
228,Huawei Max 24,Huawei,Android,12MP,True,3352934,4,128,5.5,6000,3.0,2019
229,Huawei Max 24,Huawei,Android,64MP,False,19250657,4,128,6.8,4500,3.5,2020
230,Huawei Max 25,Huawei,Android,12MP,False,5716377,12,512,6.5,5000,4.0,2023
231,Huawei Max 25,Huawei,Android,48MP,True,19022486,8,512,5.5,4500,2.1,2023
232,Huawei Max 26,Huawei,Android,108MP,False,8428596,12,64,6.1,4000,2.3,2024
233,Huawei Max 27,Huawei,Android,64MP,False,21976797,4,64,6.7,6000,1.9,2023
234,Huawei Max 27,Huawei,Android,64MP,True,16040201,8,128,6.7,5000,3.2,2019
235,Huawei Max 29,Huawei,Android,64MP,False,23834216,4,128,6.8,6000,1.2,2019
236,Huawei Max 30,Huawei,Android,48MP,False,4640930,6,64,6.4,6000,1.6,2020
237,Huawei Max 5,Huawei,Android,48MP,True,19533545,16,512,6.8,4500,3.3,2023
238,Huawei Max 5,Huawei,Android,64MP,True,14935101,8,512,6.7,6000,1.3,2022
239,Huawei Max 5,Huawei,Android,108MP,True,24023664,4,512,6.5,4000,2.9,2021
240,Huawei Max 6,Huawei,Android,108MP,True,4136130,8,512,6.8,4000,4.2,2024
241,Huawei Max 6,Huawei,Android,50MP,False,12924483,12,256,6.4,4500,3.5,2019
242,Huawei Max 7,Huawei,Android,64MP,False,5892151,8,128,6.1,6000,3.0,2019
243,Huawei Max 8,Huawei,Android,48MP,True,23542315,4,512,6.8,4000,1.9,2023
244,Huawei Max 9,Huawei,Android,12MP,False,17697430,6,128,6.1,4500,3.0,2023
245,Huawei Note 20,Huawei,Android,108MP,False,8102610,4,64,6.8,5000,4.2,2019
246,Huawei Note 20,Huawei,Android,50MP,True,23465181,4,512,6.5,4500,3.5,2021
247,Huawei Note 22,Huawei,Android,50MP,False,9153014,4,256,6.4,5000,3.1,2020
248,Huawei Note 24,Huawei,Android,64MP,False,17007389,8,64,6.1,5000,3.4,2022
249,Huawei Note 24,Huawei,Android,50MP,True,11222637,6,64,6.4,4000,2.8,2023
250,Huawei Note 24,Huawei,Android,64MP,False,11670588,4,64,5.5,4500,3.0,2021
251,Huawei Note 25,Huawei,Android,108MP,True,5633706,8,64,6.1,4000,4.1,2019
252,Huawei Note 26,Huawei,Android,50MP,False,10663808,8,512,6.1,5000,1.3,2019
253,Huawei Note 26,Huawei,Android,108MP,False,9695857,12,64,6.4,4500,5.0,2020
254,Huawei Note 30,Huawei,Android,64MP,True,9550982,12,512,6.1,6000,3.4,2019
255,Huawei Note 6,Huawei,Android,12MP,False,13416884,8,512,6.8,5000,4.4,2019
256,Huawei Note 6,Huawei,Android,50MP,True,8413470,8,128,6.4,4000,4.5,2021
257,Huawei Note 7,Huawei,Android,48MP,True,24605267,12,512,6.7,4000,2.5,2020
258,Huawei Note 7,Huawei,Android,64MP,True,13281586,4,64,6.7,5000,1.4,2019
259,Huawei Note 7,Huawei,Android,12MP,False,11475670,12,64,6.8,5000,2.8,2019
260,Huawei Note 7,Huawei,Android,12MP,False,17990750,12,128,6.1,5000,2.3,2022
261,Huawei Note 7,Huawei,Android,108MP,False,16259933,8,128,5.5,4000,1.9,2024
262,Huawei Note 8,Huawei,Android,48MP,False,15897943,8,64,6.1,5000,2.0,2019
263,Huawei Pro 10,Huawei,Android,108MP,True,18842212,16,512,6.4,4500,3.7,2020
264,Huawei Pro 11,Huawei,Android,50MP,False,16078461,8,64,5.5,5000,3.6,2020
265,Huawei Pro 12,Huawei,Android,108MP,True,14997570,12,128,5.5,4000,1.2,2020
266,Huawei Pro 13,Huawei,Android,64MP,True,24706786,8,128,5.5,5000,4.2,2022
267,Huawei Pro 13,Huawei,Android,108MP,True,6150275,4,512,6.8,6000,5.0,2019
268,Huawei Pro 14,Huawei,Android,48MP,True,23717442,12,256,6.8,5000,1.1,2019
269,Huawei Pro 16,Huawei,Android,12MP,False,21711718,16,512,6.8,4000,3.0,2020
270,Huawei Pro 16,Huawei,Android,48MP,True,4610357,4,256,5.5,4000,4.2,2022
271,Huawei Pro 19,Huawei,Android,50MP,False,15725526,8,64,6.7,6000,4.8,2021
272,Huawei Pro 19,Huawei,Android,64MP,True,13092674,8,128,6.1,4000,4.2,2022
273,Huawei Pro 19,Huawei,Android,50MP,False,13789732,16,64,6.7,4000,2.7,2021
274,Huawei Pro 19,Huawei,Android,108MP,False,24608863,6,512,6.1,5000,4.6,2021
275,Huawei Pro 20,Huawei,Android,108MP,False,14086194,4,512,6.4,6000,4.5,2024
276,Huawei Pro 20,Huawei,Android,108MP,True,9909906,8,64,6.5,4000,4.2,2022
277,Huawei Pro 21,Huawei,Android,64MP,False,12703835,16,128,6.1,4000,3.6,2022
278,Huawei Pro 21,Huawei,Android,50MP,True,17280571,6,256,5.5,4000,2.0,2023
279,Huawei Pro 22,Huawei,Android,50MP,False,16616387,16,128,6.1,5000,3.8,2019
280,Huawei Pro 23,Huawei,Android,108MP,False,14783786,16,256,6.1,4000,4.0,2022
281,Huawei Pro 23,Huawei,Android,48MP,False,22803884,8,128,6.4,4500,4.0,2022
282,Huawei Pro 27,Huawei,Android,64MP,True,18105376,16,64,6.7,4500,4.4,2020
283,Huawei Pro 27,Huawei,Android,50MP,False,16507681,4,512,6.5,6000,2.7,2019
284,Huawei Pro 28,Huawei,Android,64MP,False,22900811,6,128,6.1,4000,4.6,2023
285,Huawei Pro 30,Huawei,Android,50MP,False,18012910,8,64,6.8,5000,2.1,2020
286,Huawei Pro 30,Huawei,Android,64MP,True,21656599,4,512,5.5,4000,1.6,2021
287,Huawei Pro 5,Huawei,Android,64MP,True,8902602,8,256,6.4,5000,3.2,2023
288,Huawei Pro 6,Huawei,Android,12MP,False,23220912,12,64,6.1,4000,4.7,2020
289,Huawei Pro 7,Huawei,Android,50MP,False,18184691,4,128,5.5,4500,1.7,2019
290,Huawei Pro 8,Huawei,Android,48MP,True,2937896,4,64,5.5,6000,4.9,2019
291,Huawei Pro 9,Huawei,Android,48MP,False,23363345,4,128,6.5,5000,3.8,2019
292,Huawei Ultra 10,Huawei,Android,48MP,False,24681567,8,256,5.5,6000,3.6,2023
293,Huawei Ultra 11,Huawei,Android,108MP,True,5634552,16,256,6.7,5000,3.3,2022
294,Huawei Ultra 14,Huawei,Android,48MP,False,3502424,8,512,6.7,4000,3.8,2020
295,Huawei Ultra 14,Huawei,Android,108MP,False,13928755,4,256,6.7,5000,3.6,2022
296,Huawei Ultra 17,Huawei,Android,64MP,False,13471498,8,256,6.5,4000,1.2,2019
297,Huawei Ultra 17,Huawei,Android,12MP,True,8323345,16,256,5.5,4500,3.0,2022
298,Huawei Ultra 20,Huawei,Android,108MP,True,14422919,6,256,6.1,5000,4.6,2020
299,Huawei Ultra 20,Huawei,Android,48MP,True,11396306,16,512,6.5,6000,2.0,2020
300,Huawei Ultra 25,Huawei,Android,108MP,True,5482337,8,256,6.4,6000,1.2,2019
301,Huawei Ultra 27,Huawei,Android,12MP,False,20970085,4,64,5.5,6000,4.0,2020
302,Huawei Ultra 29,Huawei,Android,64MP,True,18357699,8,256,6.4,6000,1.4,2019
303,Huawei Ultra 29,Huawei,Android,48MP,False,5508696,6,256,6.4,6000,4.4,2019
304,Huawei Ultra 29,Huawei,Android,64MP,True,13706799,4,128,6.4,5000,3.3,2023
305,Huawei Ultra 30,Huawei,Android,48MP,True,2172356,12,512,6.8,4000,1.5,2019
306,Huawei Ultra 5,Huawei,Android,48MP,False,24856666,6,64,6.4,5000,3.5,2021
307,Huawei Ultra 5,Huawei,Android,50MP,True,20517945,16,256,6.5,5000,4.1,2021
308,Huawei Ultra 5,Huawei,Android,48MP,False,6794991,4,512,6.4,5000,3.5,2022
309,Huawei Ultra 5,Huawei,Android,50MP,False,8893291,16,128,6.4,4000,1.3,2023
310,Huawei Ultra 6,Huawei,Android,12MP,True,12468185,8,512,6.5,4500,3.8,2023
311,Huawei Ultra 7,Huawei,Android,50MP,True,4359689,16,64,6.5,5000,2.5,2019
312,Huawei Ultra 7,Huawei,Android,108MP,True,12296202,12,64,6.1,6000,2.0,2020
313,Huawei Ultra 7,Huawei,Android,50MP,False,2630707,8,256,6.7,6000,1.1,2022
314,Huawei Ultra 9,Huawei,Android,48MP,False,24214496,8,512,6.4,4000,1.3,2023
315,Huawei Ultra 9,Huawei,Android,48MP,False,9740349,4,512,6.1,5000,1.4,2024
316,Infinix Max 10,Infinix,Android,12MP,False,4771258,6,64,6.8,4500,3.5,2022
317,Infinix Max 11,Infinix,Android,48MP,False,6662126,8,128,6.5,6000,4.4,2023
318,Infinix Max 11,Infinix,Android,64MP,True,17860488,12,512,6.5,4500,4.8,2020
319,Infinix Max 12,Infinix,Android,12MP,False,24354169,6,256,6.5,4500,1.5,2019
320,Infinix Max 12,Infinix,Android,108MP,True,22151604,8,128,6.7,6000,3.8,2021
321,Infinix Max 14,Infinix,Android,108MP,True,1874592,8,128,6.4,4000,1.8,2019
322,Infinix Max 15,Infinix,Android,50MP,False,20759307,6,512,6.4,4000,2.6,2019
323,Infinix Max 15,Infinix,Android,108MP,True,19841054,6,256,6.1,4000,4.1,2020
324,Infinix Max 15,Infinix,Android,12MP,False,16237447,16,64,6.8,6000,2.0,2023
325,Infinix Max 16,Infinix,Android,50MP,True,23234751,8,128,6.8,5000,3.9,2021
326,Infinix Max 18,Infinix,Android,108MP,False,7895681,4,256,6.5,5000,3.8,2021
327,Infinix Max 19,Infinix,Android,50MP,False,20967971,8,128,6.4,5000,2.5,2024
328,Infinix Max 19,Infinix,Android,50MP,False,21229524,16,512,6.4,6000,4.1,2023
329,Infinix Max 20,Infinix,Android,12MP,False,23144184,4,128,5.5,5000,4.9,2022
330,Infinix Max 21,Infinix,Android,108MP,False,12208202,12,256,5.5,6000,2.6,2023
331,Infinix Max 24,Infinix,Android,48MP,True,7914301,12,64,6.4,4500,2.5,2022
332,Infinix Max 25,Infinix,Android,48MP,True,7479001,4,128,6.1,5000,3.6,2021
333,Infinix Max 26,Infinix,Android,64MP,True,10388227,12,256,6.1,4500,4.5,2019
334,Infinix Max 27,Infinix,Android,48MP,False,14974845,8,128,6.1,4500,4.1,2021
335,Infinix Max 27,Infinix,Android,12MP,False,21154413,6,64,6.4,5000,2.1,2023
336,Infinix Max 27,Infinix,Android,50MP,False,17724975,4,256,5.5,4000,3.1,2023
337,Infinix Max 27,Infinix,Android,108MP,True,4221798,6,64,5.5,4500,4.8,2021
338,Infinix Max 27,Infinix,Android,48MP,True,22090369,6,128,6.5,4000,3.8,2023
339,Infinix Max 28,Infinix,Android,64MP,True,22673918,6,64,6.5,5000,3.9,2021
340,Infinix Max 5,Infinix,Android,64MP,False,5961516,16,512,6.1,4000,3.2,2020
341,Infinix Max 5,Infinix,Android,50MP,True,12906917,8,256,6.4,5000,2.3,2023
342,Infinix Max 6,Infinix,Android,48MP,False,21239769,4,512,6.7,6000,5.0,2019
343,Infinix Note 11,Infinix,Android,64MP,True,7782762,16,64,6.7,5000,3.8,2019
344,Infinix Note 11,Infinix,Android,12MP,True,23292994,12,64,6.5,5000,1.6,2024
345,Infinix Note 12,Infinix,Android,50MP,True,1788410,8,64,6.7,6000,3.4,2021
346,Infinix Note 13,Infinix,Android,64MP,True,18303457,4,64,6.4,6000,1.2,2023
347,Infinix Note 13,Infinix,Android,108MP,False,9128937,8,256,6.1,5000,4.4,2024
348,Infinix Note 14,Infinix,Android,64MP,False,2275472,16,64,6.7,4000,1.4,2023
349,Infinix Note 14,Infinix,Android,48MP,False,9904765,4,64,6.1,4000,1.0,2023
350,Infinix Note 19,Infinix,Android,108MP,False,5811213,4,64,6.4,4000,4.9,2019
351,Infinix Note 20,Infinix,Android,50MP,True,14950781,6,128,6.5,4000,2.1,2023
352,Infinix Note 20,Infinix,Android,50MP,True,22664251,4,256,6.4,4000,4.8,2020
353,Infinix Note 25,Infinix,Android,108MP,False,24507451,6,64,6.1,6000,4.7,2022
354,Infinix Note 27,Infinix,Android,48MP,True,13431200,4,256,6.7,5000,3.9,2020
355,Infinix Note 6,Infinix,Android,64MP,False,7867576,12,512,6.7,4000,1.0,2021
356,Infinix Note 7,Infinix,Android,64MP,True,13023275,16,64,6.7,4500,3.0,2021
357,Infinix Note 7,Infinix,Android,108MP,True,2757804,4,256,6.7,4000,4.4,2023
358,Infinix Note 7,Infinix,Android,48MP,True,14537624,6,512,6.1,4500,3.4,2019
359,Infinix Note 8,Infinix,Android,108MP,False,7701930,16,64,5.5,4500,3.3,2022
360,Infinix Note 9,Infinix,Android,12MP,True,9838405,12,512,6.5,6000,4.7,2022
361,Infinix Pro 12,Infinix,Android,50MP,False,19487021,6,256,6.5,6000,4.7,2020
362,Infinix Pro 13,Infinix,Android,108MP,False,18338256,12,128,6.7,4500,2.7,2022
363,Infinix Pro 15,Infinix,Android,50MP,True,12585883,4,128,6.7,4500,1.1,2023
364,Infinix Pro 15,Infinix,Android,12MP,False,1531432,12,256,6.8,4500,3.2,2023
365,Infinix Pro 16,Infinix,Android,48MP,True,15489644,4,256,5.5,6000,3.9,2019
366,Infinix Pro 16,Infinix,Android,50MP,False,7276893,16,512,6.1,5000,3.0,2022
367,Infinix Pro 16,Infinix,Android,64MP,True,23117961,12,128,6.4,6000,2.1,2024
368,Infinix Pro 16,Infinix,Android,48MP,False,21080967,4,64,6.8,5000,3.2,2022
369,Infinix Pro 17,Infinix,Android,50MP,True,9747361,12,64,5.5,6000,2.0,2022
370,Infinix Pro 19,Infinix,Android,108MP,True,18613561,8,256,5.5,5000,1.2,2021
371,Infinix Pro 19,Infinix,Android,64MP,True,15212973,4,128,6.7,4500,4.9,2022
372,Infinix Pro 20,Infinix,Android,48MP,False,7399077,12,128,5.5,5000,3.1,2023
373,Infinix Pro 24,Infinix,Android,64MP,True,22000806,6,64,6.7,6000,2.2,2021
374,Infinix Pro 26,Infinix,Android,108MP,False,14159532,6,128,6.8,4500,1.1,2020
375,Infinix Pro 28,Infinix,Android,50MP,True,24314676,12,512,6.7,5000,4.3,2023
376,Infinix Pro 29,Infinix,Android,50MP,False,20601809,8,512,6.4,4500,2.6,2022
377,Infinix Pro 30,Infinix,Android,64MP,True,10867915,4,64,6.4,6000,2.0,2021
378,Infinix Pro 30,Infinix,Android,50MP,False,4857960,16,128,6.5,4500,1.7,2023
379,Infinix Pro 30,Infinix,Android,50MP,False,5579890,6,64,6.5,4500,3.5,2021
380,Infinix Pro 6,Infinix,Android,48MP,False,13108666,8,512,6.1,5000,2.6,2023
381,Infinix Ultra 10,Infinix,Android,64MP,False,17819194,6,256,6.7,4000,2.3,2019
382,Infinix Ultra 12,Infinix,Android,50MP,False,15483653,12,256,6.8,4000,1.2,2022
383,Infinix Ultra 13,Infinix,Android,108MP,True,18566466,8,256,6.5,6000,3.3,2021
384,Infinix Ultra 15,Infinix,Android,50MP,True,8299241,16,128,6.4,6000,4.2,2020
385,Infinix Ultra 16,Infinix,Android,50MP,False,15578882,8,128,6.4,5000,4.6,2021
386,Infinix Ultra 18,Infinix,Android,48MP,False,17932515,8,512,6.1,5000,5.0,2019
387,Infinix Ultra 19,Infinix,Android,64MP,False,9642959,6,64,6.7,5000,3.5,2019
388,Infinix Ultra 20,Infinix,Android,64MP,True,16331037,6,128,6.1,5000,4.0,2020
389,Infinix Ultra 20,Infinix,Android,12MP,False,9131922,16,256,6.8,6000,3.6,2024
390,Infinix Ultra 20,Infinix,Android,108MP,True,23388203,16,512,6.4,4500,2.5,2023
391,Infinix Ultra 21,Infinix,Android,48MP,True,21387056,4,512,6.5,6000,1.8,2021
392,Infinix Ultra 22,Infinix,Android,12MP,True,2402133,16,256,6.5,6000,1.7,2022
393,Infinix Ultra 24,Infinix,Android,108MP,False,11844266,12,512,6.4,4500,2.8,2023
394,Infinix Ultra 24,Infinix,Android,48MP,True,10545385,6,64,5.5,6000,1.7,2020
395,Infinix Ultra 26,Infinix,Android,108MP,True,7491682,6,512,6.7,6000,2.4,2024
396,Infinix Ultra 5,Infinix,Android,48MP,True,15660948,6,256,5.5,6000,2.2,2023
397,Infinix Ultra 7,Infinix,Android,64MP,False,3943632,6,128,6.4,6000,1.1,2019
398,Infinix Ultra 7,Infinix,Android,12MP,True,10215192,8,512,6.7,4500,3.4,2022
399,Infinix Ultra 8,Infinix,Android,12MP,True,17077460,6,64,6.7,5000,1.6,2023
400,Infinix Ultra 8,Infinix,Android,48MP,False,7420651,12,256,6.8,4500,3.1,2021
401,Infinix Ultra 8,Infinix,Android,48MP,False,16783669,8,512,6.1,5000,4.4,2023
402,Infinix Ultra 8,Infinix,Android,48MP,False,15628116,12,128,6.5,6000,3.3,2019
403,Infinix Ultra 9,Infinix,Android,108MP,False,10365881,4,256,6.5,4500,1.8,2020
404,Infinix Ultra 9,Infinix,Android,108MP,True,18432854,8,512,6.7,5000,2.0,2024
405,OnePlus Max 11,OnePlus,Android,48MP,False,8735041,6,64,6.8,4500,4.2,2019
406,OnePlus Max 12,OnePlus,Android,48MP,False,7747941,4,512,6.8,4500,3.8,2020
407,OnePlus Max 12,OnePlus,Android,64MP,True,18483138,12,64,6.5,4000,1.4,2020
408,OnePlus Max 14,OnePlus,Android,64MP,False,9275871,8,64,5.5,6000,4.1,2021
409,OnePlus Max 14,OnePlus,Android,64MP,True,23953047,4,64,6.1,4500,4.8,2024
410,OnePlus Max 14,OnePlus,Android,48MP,True,4952524,12,128,6.4,4500,1.2,2023
411,OnePlus Max 15,OnePlus,Android,48MP,True,24802595,4,128,6.7,4000,1.3,2024
412,OnePlus Max 16,OnePlus,Android,48MP,True,8152872,8,256,6.7,5000,3.0,2021
413,OnePlus Max 16,OnePlus,Android,50MP,False,8377735,6,64,6.1,5000,1.6,2023
414,OnePlus Max 16,OnePlus,Android,12MP,True,8261376,16,256,6.7,4000,2.1,2023
415,OnePlus Max 18,OnePlus,Android,12MP,True,10860128,16,256,6.1,4000,1.1,2019
416,OnePlus Max 20,OnePlus,Android,48MP,True,4642389,6,128,6.1,4500,2.6,2020
417,OnePlus Max 21,OnePlus,Android,64MP,True,8115946,4,256,5.5,6000,1.3,2022
418,OnePlus Max 22,OnePlus,Android,48MP,False,20451433,8,64,6.8,4500,2.7,2023
419,OnePlus Max 22,OnePlus,Android,50MP,False,14263329,6,512,6.5,4000,2.7,2019
420,OnePlus Max 24,OnePlus,Android,50MP,False,7620415,12,512,6.4,6000,4.9,2023
421,OnePlus Max 24,OnePlus,Android,50MP,True,21504076,16,128,5.5,6000,2.5,2019
422,OnePlus Max 25,OnePlus,Android,108MP,True,21679889,4,64,5.5,5000,4.8,2020
423,OnePlus Max 25,OnePlus,Android,12MP,False,10742634,6,256,6.5,5000,1.6,2019
424,OnePlus Max 27,OnePlus,Android,12MP,True,10688370,6,128,6.8,4000,2.5,2019
425,OnePlus Max 29,OnePlus,Android,108MP,True,23339156,16,256,6.5,4000,3.6,2022
426,OnePlus Max 29,OnePlus,Android,50MP,True,23195647,12,64,6.1,4000,4.4,2020
427,OnePlus Max 6,OnePlus,Android,50MP,False,24038178,8,256,6.8,4500,4.8,2019
428,OnePlus Max 7,OnePlus,Android,108MP,True,17165909,6,512,6.1,6000,3.6,2022
429,OnePlus Max 7,OnePlus,Android,108MP,False,15015673,12,256,6.5,6000,4.4,2021
430,OnePlus Max 7,OnePlus,Android,64MP,False,7607139,4,64,6.5,6000,4.4,2022
431,OnePlus Note 10,OnePlus,Android,12MP,True,23836647,6,256,6.8,4500,4.2,2019
432,OnePlus Note 10,OnePlus,Android,12MP,True,3174423,8,64,6.8,5000,3.1,2020
433,OnePlus Note 14,OnePlus,Android,108MP,False,18924036,8,512,5.5,5000,4.7,2023
434,OnePlus Note 14,OnePlus,Android,108MP,True,22454584,12,128,6.1,4000,4.4,2022
435,OnePlus Note 15,OnePlus,Android,108MP,True,3638206,16,128,6.8,4500,3.3,2021
436,OnePlus Note 16,OnePlus,Android,48MP,False,10178106,4,128,6.5,4500,4.0,2023
437,OnePlus Note 17,OnePlus,Android,12MP,True,14662641,16,256,5.5,4000,3.3,2020
438,OnePlus Note 18,OnePlus,Android,50MP,True,24545257,4,64,6.4,5000,5.0,2022
439,OnePlus Note 20,OnePlus,Android,50MP,False,15159139,4,128,6.1,4500,2.4,2021
440,OnePlus Note 21,OnePlus,Android,12MP,False,2874382,16,256,6.1,6000,1.5,2023
441,OnePlus Note 21,OnePlus,Android,50MP,True,20957928,6,512,6.5,4500,2.8,2021
442,OnePlus Note 22,OnePlus,Android,64MP,False,2039270,6,64,6.4,6000,4.2,2021
443,OnePlus Note 25,OnePlus,Android,64MP,True,23516633,8,64,6.7,4500,3.3,2020
444,OnePlus Note 25,OnePlus,Android,12MP,True,22183205,16,128,5.5,4500,3.5,2021
445,OnePlus Note 25,OnePlus,Android,108MP,True,20865610,16,128,6.1,4500,2.2,2020
446,OnePlus Note 28,OnePlus,Android,64MP,True,24072223,12,256,6.1,6000,4.2,2019
447,OnePlus Note 28,OnePlus,Android,12MP,False,24427412,4,64,6.5,5000,4.1,2021
448,OnePlus Note 28,OnePlus,Android,12MP,True,17304415,12,512,6.8,5000,3.3,2022
449,OnePlus Note 28,OnePlus,Android,12MP,False,21331113,16,256,6.7,6000,1.8,2023
450,OnePlus Note 29,OnePlus,Android,12MP,True,11202649,16,64,6.7,4500,4.6,2020
451,OnePlus Note 5,OnePlus,Android,48MP,True,3355870,8,64,6.7,4000,4.0,2019
452,OnePlus Note 5,OnePlus,Android,50MP,False,13320834,8,256,6.8,4500,4.5,2023
453,OnePlus Note 7,OnePlus,Android,64MP,True,8001184,16,128,6.8,4000,3.7,2021
454,OnePlus Note 9,OnePlus,Android,50MP,True,14851430,12,64,6.4,4500,1.7,2020
455,OnePlus Note 9,OnePlus,Android,12MP,True,10874500,4,512,6.1,4000,5.0,2021
456,OnePlus Note 9,OnePlus,Android,12MP,True,18036181,12,128,6.4,6000,2.4,2024
457,OnePlus Note 9,OnePlus,Android,12MP,False,14061618,16,256,5.5,4500,2.3,2019
458,OnePlus Pro 10,OnePlus,Android,12MP,True,7805243,8,512,6.8,6000,3.1,2021
459,OnePlus Pro 11,OnePlus,Android,48MP,False,14246960,8,64,6.8,6000,4.2,2024
460,OnePlus Pro 12,OnePlus,Android,108MP,True,14154141,4,512,6.1,6000,1.8,2019
461,OnePlus Pro 12,OnePlus,Android,108MP,True,19530478,8,64,6.5,4500,2.2,2020
462,OnePlus Pro 14,OnePlus,Android,64MP,False,5398372,6,256,6.7,4000,1.3,2020
463,OnePlus Pro 14,OnePlus,Android,108MP,False,18564598,6,256,6.8,5000,4.9,2020
464,OnePlus Pro 16,OnePlus,Android,12MP,True,13282620,12,128,6.7,5000,4.0,2019
465,OnePlus Pro 16,OnePlus,Android,108MP,False,9785374,6,64,6.1,5000,4.9,2023
466,OnePlus Pro 16,OnePlus,Android,50MP,True,18009434,8,512,5.5,6000,3.1,2023
467,OnePlus Pro 17,OnePlus,Android,50MP,False,24616017,16,256,6.4,6000,4.1,2023
468,OnePlus Pro 17,OnePlus,Android,64MP,False,16955792,4,128,6.8,4000,1.8,2021
469,OnePlus Pro 17,OnePlus,Android,108MP,True,15372547,16,256,6.4,4500,4.0,2023
470,OnePlus Pro 19,OnePlus,Android,64MP,True,14550492,16,64,6.7,6000,3.5,2021
471,OnePlus Pro 21,OnePlus,Android,50MP,True,23314766,4,256,6.5,4000,1.9,2020
472,OnePlus Pro 22,OnePlus,Android,48MP,True,8170046,16,64,6.4,4500,3.4,2019
473,OnePlus Pro 23,OnePlus,Android,12MP,True,12066347,8,128,6.5,6000,1.7,2022
474,OnePlus Pro 23,OnePlus,Android,50MP,False,8138352,4,512,6.4,4500,2.9,2021
475,OnePlus Pro 24,OnePlus,Android,64MP,True,18649405,16,512,6.1,4500,4.0,2019
476,OnePlus Pro 24,OnePlus,Android,64MP,False,10493122,12,512,6.8,5000,2.4,2020
477,OnePlus Pro 24,OnePlus,Android,12MP,False,14685740,8,64,6.7,6000,2.0,2020
478,OnePlus Pro 26,OnePlus,Android,12MP,False,2483976,8,128,6.8,6000,4.2,2019
479,OnePlus Pro 27,OnePlus,Android,12MP,False,17175814,12,512,6.8,4000,2.1,2023
480,OnePlus Pro 28,OnePlus,Android,108MP,True,24384116,4,64,6.5,6000,2.0,2023
481,OnePlus Pro 28,OnePlus,Android,48MP,False,6613407,4,64,6.5,6000,4.7,2021
482,OnePlus Pro 28,OnePlus,Android,50MP,False,13737735,16,512,6.8,5000,4.5,2020
483,OnePlus Pro 29,OnePlus,Android,108MP,True,4672513,6,128,5.5,4500,2.0,2021
484,OnePlus Pro 29,OnePlus,Android,50MP,True,19374764,16,128,6.7,5000,2.3,2023
485,OnePlus Pro 30,OnePlus,Android,12MP,False,14981329,16,512,6.8,4000,4.7,2022
486,OnePlus Pro 6,OnePlus,Android,50MP,False,5136550,8,128,6.7,6000,2.8,2021
487,OnePlus Pro 6,OnePlus,Android,48MP,False,21461323,8,64,6.8,5000,1.8,2020
488,OnePlus Pro 9,OnePlus,Android,48MP,True,5579676,8,256,6.8,5000,2.0,2023
489,OnePlus Pro 9,OnePlus,Android,50MP,True,24972830,16,256,6.5,5000,3.3,2019
490,OnePlus Ultra 10,OnePlus,Android,12MP,False,22812781,12,512,6.4,4000,2.5,2019
491,OnePlus Ultra 13,OnePlus,Android,108MP,False,2653512,8,512,6.4,4000,3.7,2024
492,OnePlus Ultra 15,OnePlus,Android,12MP,True,17969494,16,128,6.7,4000,2.6,2021
493,OnePlus Ultra 15,OnePlus,Android,64MP,False,24481755,12,128,6.1,5000,3.4,2022
494,OnePlus Ultra 18,OnePlus,Android,108MP,True,6668955,6,256,6.1,5000,2.6,2019
495,OnePlus Ultra 18,OnePlus,Android,50MP,False,24036047,4,64,6.5,5000,5.0,2022
496,OnePlus Ultra 19,OnePlus,Android,108MP,False,5431858,6,128,6.4,4000,4.3,2019
497,OnePlus Ultra 20,OnePlus,Android,108MP,True,11805453,8,64,6.5,4500,2.4,2024
498,OnePlus Ultra 22,OnePlus,Android,12MP,True,3502042,12,128,5.5,6000,4.0,2023
499,OnePlus Ultra 22,OnePlus,Android,50MP,True,21873923,12,128,6.4,4000,5.0,2024
500,OnePlus Ultra 23,OnePlus,Android,108MP,True,3030481,12,128,6.7,4000,3.9,2019
501,OnePlus Ultra 24,OnePlus,Android,48MP,True,19582826,8,128,6.8,4500,1.7,2023
502,OnePlus Ultra 24,OnePlus,Android,64MP,False,3692920,8,128,6.5,4500,3.4,2023
503,OnePlus Ultra 25,OnePlus,Android,12MP,True,15524807,16,128,5.5,4500,3.9,2019
504,OnePlus Ultra 26,OnePlus,Android,12MP,False,17899510,6,256,6.7,5000,1.5,2019
505,OnePlus Ultra 26,OnePlus,Android,48MP,False,17006255,6,64,6.5,4000,3.2,2023
506,OnePlus Ultra 28,OnePlus,Android,64MP,False,7083739,4,256,6.8,5000,4.4,2024
507,OnePlus Ultra 29,OnePlus,Android,50MP,True,23754323,16,64,6.4,4500,2.3,2023
508,OnePlus Ultra 30,OnePlus,Android,48MP,True,20912048,4,64,6.8,6000,3.8,2020
509,OnePlus Ultra 6,OnePlus,Android,108MP,True,21520107,4,64,5.5,4000,2.2,2019
510,OnePlus Ultra 6,OnePlus,Android,64MP,False,22806831,8,64,6.4,6000,3.2,2020
511,OnePlus Ultra 7,OnePlus,Android,64MP,True,20066198,8,128,6.5,6000,1.7,2022
512,OnePlus Ultra 7,OnePlus,Android,64MP,False,22821178,16,256,6.5,4500,1.6,2019
513,OnePlus Ultra 8,OnePlus,Android,64MP,False,23282104,4,64,6.7,4500,1.8,2024
514,Oppo Max 10,Oppo,Android,12MP,True,21204576,6,512,6.4,6000,3.8,2021
515,Oppo Max 11,Oppo,Android,48MP,True,1900039,12,512,6.7,4000,2.6,2022
516,Oppo Max 12,Oppo,Android,50MP,True,11628532,6,512,6.1,6000,4.7,2019
517,Oppo Max 13,Oppo,Android,50MP,False,6672277,12,64,5.5,5000,1.4,2019
518,Oppo Max 14,Oppo,Android,108MP,False,6043699,16,512,6.1,5000,1.5,2023
519,Oppo Max 14,Oppo,Android,64MP,False,16447186,16,128,6.4,6000,3.5,2022
520,Oppo Max 14,Oppo,Android,64MP,True,17976626,16,512,6.4,4500,4.5,2023
521,Oppo Max 15,Oppo,Android,108MP,False,20695812,16,64,6.7,6000,1.8,2022
522,Oppo Max 16,Oppo,Android,108MP,False,7113005,16,128,6.8,4000,1.5,2019
523,Oppo Max 16,Oppo,Android,108MP,False,8997137,8,256,6.7,6000,4.7,2020
524,Oppo Max 18,Oppo,Android,12MP,True,22051059,12,128,6.5,4500,2.9,2022
525,Oppo Max 21,Oppo,Android,48MP,True,21415448,8,128,6.1,6000,4.3,2020
526,Oppo Max 24,Oppo,Android,12MP,False,1762788,8,256,5.5,5000,2.5,2024
527,Oppo Max 24,Oppo,Android,108MP,True,16162548,8,128,6.5,5000,1.9,2020
528,Oppo Max 28,Oppo,Android,64MP,False,9405893,4,128,6.4,4000,3.8,2022
529,Oppo Max 30,Oppo,Android,50MP,True,7994546,16,256,5.5,4500,1.3,2022
530,Oppo Max 5,Oppo,Android,48MP,True,14016331,8,128,6.1,5000,4.1,2023
531,Oppo Max 8,Oppo,Android,108MP,False,19540018,4,256,6.1,4500,1.7,2019
532,Oppo Max 8,Oppo,Android,50MP,True,2407971,4,64,6.5,4500,1.4,2019
533,Oppo Max 8,Oppo,Android,12MP,False,20335124,16,128,6.1,4000,3.3,2023
534,Oppo Note 12,Oppo,Android,48MP,True,15674168,6,128,6.8,4000,1.8,2019
535,Oppo Note 14,Oppo,Android,50MP,False,20998117,6,128,6.7,4500,4.1,2021
536,Oppo Note 14,Oppo,Android,108MP,False,2234996,8,512,6.8,4500,4.9,2020
537,Oppo Note 15,Oppo,Android,64MP,True,19617071,4,512,6.7,5000,2.6,2023
538,Oppo Note 16,Oppo,Android,108MP,False,2517955,8,64,5.5,6000,2.2,2023
539,Oppo Note 18,Oppo,Android,50MP,False,20871615,6,256,6.5,6000,4.2,2019
540,Oppo Note 19,Oppo,Android,108MP,False,10627512,4,512,6.5,5000,1.7,2019
541,Oppo Note 19,Oppo,Android,64MP,False,21149204,16,64,6.5,4000,3.4,2020
542,Oppo Note 21,Oppo,Android,48MP,False,9079278,8,128,6.7,4000,4.6,2024
543,Oppo Note 21,Oppo,Android,50MP,True,4333261,12,512,6.4,4000,3.6,2021
544,Oppo Note 24,Oppo,Android,50MP,False,22267891,6,64,6.4,6000,4.1,2024
545,Oppo Note 25,Oppo,Android,50MP,False,18672229,8,512,6.5,6000,1.6,2022
546,Oppo Note 25,Oppo,Android,108MP,False,6399552,8,128,6.7,6000,4.0,2022
547,Oppo Note 26,Oppo,Android,48MP,False,20168107,12,128,5.5,6000,2.3,2024
548,Oppo Note 26,Oppo,Android,50MP,False,14404589,6,128,6.4,5000,4.3,2022
549,Oppo Note 28,Oppo,Android,50MP,False,21097682,16,256,6.8,4000,2.2,2023
550,Oppo Note 29,Oppo,Android,12MP,False,16018579,4,512,6.1,5000,1.8,2019
551,Oppo Note 29,Oppo,Android,50MP,False,5326233,16,512,6.4,4000,1.5,2019
552,Oppo Note 5,Oppo,Android,12MP,False,13329418,16,64,5.5,4000,3.6,2024
553,Oppo Note 6,Oppo,Android,50MP,True,5329004,12,128,6.4,4000,3.5,2022
554,Oppo Note 8,Oppo,Android,64MP,False,7985747,6,256,6.8,4500,1.5,2021
555,Oppo Note 9,Oppo,Android,48MP,False,3705286,6,256,6.7,4500,3.0,2021
556,Oppo Pro 11,Oppo,Android,50MP,True,10669727,12,128,6.4,5000,1.2,2022
557,Oppo Pro 12,Oppo,Android,64MP,False,19832476,8,128,6.7,6000,2.2,2024
558,Oppo Pro 12,Oppo,Android,50MP,False,18254923,16,64,6.4,6000,2.9,2022
559,Oppo Pro 13,Oppo,Android,50MP,False,24078265,16,512,6.5,5000,3.6,2021
560,Oppo Pro 14,Oppo,Android,12MP,False,8572840,12,64,6.1,6000,1.7,2019
561,Oppo Pro 15,Oppo,Android,108MP,False,10310020,12,128,6.4,6000,2.7,2020
562,Oppo Pro 15,Oppo,Android,48MP,True,2752397,6,512,5.5,4500,3.3,2019
563,Oppo Pro 15,Oppo,Android,108MP,True,14501482,16,128,6.4,5000,3.0,2019
564,Oppo Pro 16,Oppo,Android,108MP,True,24726137,6,512,6.8,4000,2.7,2022
565,Oppo Pro 18,Oppo,Android,12MP,True,1570627,12,256,5.5,4000,1.1,2020
566,Oppo Pro 18,Oppo,Android,64MP,False,23176600,16,512,6.7,4000,3.7,2023
567,Oppo Pro 19,Oppo,Android,48MP,False,16056002,8,128,6.5,5000,1.5,2023
568,Oppo Pro 20,Oppo,Android,50MP,False,22541042,4,512,6.8,6000,3.7,2021
569,Oppo Pro 20,Oppo,Android,12MP,True,15106127,16,512,6.7,5000,2.6,2022
570,Oppo Pro 20,Oppo,Android,50MP,True,16234332,6,512,6.7,4000,4.4,2021
571,Oppo Pro 21,Oppo,Android,48MP,True,13671960,6,64,6.1,6000,2.8,2023
572,Oppo Pro 22,Oppo,Android,64MP,True,23092783,6,128,6.8,6000,1.5,2019
573,Oppo Pro 25,Oppo,Android,50MP,True,10586832,16,256,6.8,6000,4.5,2023
574,Oppo Pro 28,Oppo,Android,50MP,True,17891423,6,128,6.4,6000,3.9,2019
575,Oppo Pro 6,Oppo,Android,12MP,False,8169681,8,64,6.5,4000,3.7,2024
576,Oppo Pro 6,Oppo,Android,50MP,False,22012586,16,512,6.8,4000,3.1,2020
577,Oppo Pro 6,Oppo,Android,12MP,False,9470373,4,128,5.5,4500,3.1,2019
578,Oppo Pro 8,Oppo,Android,64MP,True,9990974,4,256,6.4,4000,1.5,2019
579,Oppo Pro 8,Oppo,Android,64MP,False,19163662,16,128,6.5,4500,2.7,2021
580,Oppo Ultra 11,Oppo,Android,50MP,True,3193413,12,128,6.1,4000,3.8,2021
581,Oppo Ultra 13,Oppo,Android,12MP,True,15928270,6,256,6.5,5000,3.2,2024
582,Oppo Ultra 14,Oppo,Android,108MP,True,2733885,8,512,6.4,5000,2.0,2023
583,Oppo Ultra 14,Oppo,Android,108MP,False,5914817,16,64,5.5,5000,2.8,2019
584,Oppo Ultra 15,Oppo,Android,12MP,True,3606719,8,512,6.4,5000,4.3,2020
585,Oppo Ultra 15,Oppo,Android,64MP,True,13483544,8,256,6.1,4000,4.1,2021
586,Oppo Ultra 17,Oppo,Android,64MP,False,24083343,6,256,5.5,6000,1.9,2019
587,Oppo Ultra 18,Oppo,Android,64MP,True,19095973,12,64,6.5,4500,4.5,2019
588,Oppo Ultra 20,Oppo,Android,64MP,False,6684973,4,512,6.1,4000,3.6,2021
589,Oppo Ultra 21,Oppo,Android,12MP,True,7382631,4,128,5.5,4000,3.0,2020
590,Oppo Ultra 22,Oppo,Android,50MP,False,2648254,6,128,6.4,6000,1.5,2022
591,Oppo Ultra 22,Oppo,Android,50MP,True,19377973,6,64,6.8,4500,4.8,2022
592,Oppo Ultra 23,Oppo,Android,50MP,False,24544760,16,512,6.7,5000,2.3,2019
593,Oppo Ultra 23,Oppo,Android,50MP,False,13834440,16,64,6.7,4000,2.5,2021
594,Oppo Ultra 24,Oppo,Android,12MP,True,6042246,6,512,6.8,4500,2.2,2023
595,Oppo Ultra 27,Oppo,Android,50MP,True,14628507,4,128,6.8,4500,4.2,2024
596,Oppo Ultra 28,Oppo,Android,108MP,True,10311337,8,64,6.5,6000,4.9,2021
597,Oppo Ultra 29,Oppo,Android,108MP,True,2836545,8,64,6.7,4000,3.3,2020
598,Oppo Ultra 30,Oppo,Android,50MP,False,15241640,12,64,6.7,5000,2.2,2023
599,Oppo Ultra 6,Oppo,Android,48MP,False,18429262,16,64,6.5,5000,4.1,2019
600,Oppo Ultra 7,Oppo,Android,50MP,False,15259267,12,64,5.5,4500,4.8,2022
601,Oppo Ultra 9,Oppo,Android,12MP,False,16747793,6,512,6.7,4000,4.5,2022
602,Realme Max 10,Realme,Android,64MP,False,16311828,12,256,5.5,6000,2.7,2023
603,Realme Max 15,Realme,Android,108MP,False,3156318,16,256,6.5,4500,3.3,2023
604,Realme Max 16,Realme,Android,64MP,True,24782298,6,128,6.5,6000,3.4,2022
605,Realme Max 17,Realme,Android,50MP,True,13646735,6,512,6.8,4000,1.2,2024
606,Realme Max 18,Realme,Android,50MP,False,23055944,16,128,6.8,4500,4.6,2020
607,Realme Max 19,Realme,Android,64MP,False,19436376,4,256,6.1,4000,3.6,2021
608,Realme Max 20,Realme,Android,108MP,False,20769883,16,256,6.7,4000,1.9,2022
609,Realme Max 21,Realme,Android,50MP,False,20785861,6,64,6.5,5000,4.2,2024
610,Realme Max 21,Realme,Android,108MP,True,15879968,6,64,6.5,4000,4.0,2024
611,Realme Max 23,Realme,Android,108MP,True,9879436,6,512,5.5,4000,1.4,2023
612,Realme Max 23,Realme,Android,50MP,False,5328645,12,128,6.1,4000,1.0,2023
613,Realme Max 23,Realme,Android,50MP,True,22929823,6,128,6.1,4500,2.2,2021
614,Realme Max 24,Realme,Android,108MP,False,11743988,4,128,6.1,5000,3.7,2022
615,Realme Max 24,Realme,Android,48MP,True,4923462,16,64,6.4,6000,4.1,2023
616,Realme Max 25,Realme,Android,12MP,True,1575559,6,512,6.4,4000,4.0,2021
617,Realme Max 26,Realme,Android,12MP,True,20297304,8,128,6.5,5000,1.9,2023
618,Realme Max 27,Realme,Android,50MP,False,15725998,6,128,5.5,6000,4.1,2022
619,Realme Max 5,Realme,Android,12MP,True,6138119,8,256,6.1,6000,4.0,2020
620,Realme Max 6,Realme,Android,12MP,False,7497152,8,512,6.5,4500,3.6,2022
621,Realme Max 6,Realme,Android,64MP,False,20905286,6,128,6.1,4500,2.8,2024
622,Realme Max 7,Realme,Android,64MP,True,3013880,4,512,6.5,6000,4.0,2021
623,Realme Max 7,Realme,Android,64MP,False,5853359,12,64,6.4,6000,3.9,2023
624,Realme Max 8,Realme,Android,12MP,False,13534478,4,512,6.4,5000,2.7,2023
625,Realme Note 11,Realme,Android,108MP,False,2984139,6,64,6.8,4500,2.8,2020
626,Realme Note 11,Realme,Android,50MP,False,15805775,16,64,6.1,5000,4.6,2019
627,Realme Note 12,Realme,Android,48MP,False,22981641,4,64,6.7,5000,4.5,2019
628,Realme Note 14,Realme,Android,108MP,True,22315930,12,256,6.7,4000,1.3,2021
629,Realme Note 16,Realme,Android,108MP,True,11332930,6,256,6.5,4500,4.3,2021
630,Realme Note 17,Realme,Android,64MP,False,18249641,4,64,6.7,4000,3.0,2021
631,Realme Note 19,Realme,Android,108MP,True,7034483,8,512,6.8,5000,2.6,2021
632,Realme Note 19,Realme,Android,48MP,False,11862396,4,256,5.5,5000,4.7,2021
633,Realme Note 20,Realme,Android,12MP,False,12808275,6,128,6.1,6000,1.7,2024
634,Realme Note 20,Realme,Android,48MP,False,20037035,6,64,6.5,4500,4.9,2024
635,Realme Note 20,Realme,Android,108MP,True,9254151,16,512,6.1,5000,2.6,2022
636,Realme Note 20,Realme,Android,48MP,False,19772871,6,64,6.5,4500,2.8,2023
637,Realme Note 21,Realme,Android,50MP,False,6485656,6,128,6.8,4500,1.9,2022
638,Realme Note 23,Realme,Android,50MP,False,20711041,6,128,6.1,4500,2.3,2019
639,Realme Note 24,Realme,Android,64MP,False,11002841,12,64,6.4,4000,3.2,2023
640,Realme Note 24,Realme,Android,64MP,False,17017168,8,512,6.5,4000,4.3,2022
641,Realme Note 24,Realme,Android,48MP,False,10292705,6,512,6.7,4000,4.2,2020
642,Realme Note 26,Realme,Android,108MP,True,4237905,12,64,6.1,4500,4.7,2020
643,Realme Note 27,Realme,Android,12MP,False,18001352,4,512,5.5,5000,3.3,2020
644,Realme Note 28,Realme,Android,12MP,False,4237279,8,128,6.1,4000,4.6,2019
645,Realme Note 28,Realme,Android,12MP,False,14439693,16,256,6.7,4000,3.9,2019
646,Realme Note 29,Realme,Android,64MP,True,10062620,12,256,6.8,6000,1.1,2020
647,Realme Note 29,Realme,Android,50MP,True,15263465,12,256,6.7,4000,1.5,2020
648,Realme Note 30,Realme,Android,64MP,False,17264062,16,512,6.1,5000,3.9,2022
649,Realme Note 30,Realme,Android,108MP,True,6779277,8,256,6.8,4000,1.8,2019
650,Realme Note 30,Realme,Android,50MP,False,9660168,8,256,5.5,5000,4.7,2024
651,Realme Note 5,Realme,Android,50MP,False,19897555,4,64,6.4,4000,3.5,2019
652,Realme Note 5,Realme,Android,48MP,False,15253946,6,512,6.5,5000,2.6,2022
653,Realme Note 5,Realme,Android,108MP,True,19825594,8,256,6.4,6000,4.3,2020
654,Realme Note 6,Realme,Android,108MP,True,5528167,4,256,6.4,5000,1.6,2023
655,Realme Note 7,Realme,Android,48MP,True,10818303,6,128,6.7,4000,3.9,2024
656,Realme Note 8,Realme,Android,108MP,True,16362657,6,512,6.1,5000,4.6,2020
657,Realme Note 9,Realme,Android,64MP,True,7506925,6,512,6.8,4000,4.5,2021
658,Realme Pro 10,Realme,Android,12MP,True,17017365,8,256,6.7,4000,1.8,2021
659,Realme Pro 11,Realme,Android,64MP,False,18617484,4,128,5.5,4000,3.6,2022
660,Realme Pro 12,Realme,Android,12MP,False,18887834,6,256,6.8,6000,1.6,2020
661,Realme Pro 12,Realme,Android,108MP,True,20130131,4,256,5.5,4500,4.0,2020
662,Realme Pro 14,Realme,Android,12MP,False,17813919,8,512,6.5,4500,4.9,2019
663,Realme Pro 18,Realme,Android,50MP,False,14076457,16,256,6.8,6000,4.3,2023
664,Realme Pro 18,Realme,Android,108MP,False,7044421,8,512,6.8,4000,3.1,2020
665,Realme Pro 18,Realme,Android,50MP,True,5901275,6,256,6.5,4000,4.0,2023
666,Realme Pro 18,Realme,Android,64MP,False,13971670,16,512,5.5,4500,1.0,2021
667,Realme Pro 21,Realme,Android,64MP,False,6904008,12,256,6.8,5000,2.2,2022
668,Realme Pro 22,Realme,Android,12MP,True,14547695,12,256,5.5,4000,4.0,2020
669,Realme Pro 23,Realme,Android,48MP,True,6187084,6,128,6.7,4000,1.9,2020
670,Realme Pro 25,Realme,Android,12MP,False,8178293,16,512,6.8,6000,4.4,2021
671,Realme Pro 25,Realme,Android,48MP,False,23079442,16,128,5.5,4000,2.0,2020
672,Realme Pro 26,Realme,Android,12MP,False,6688030,12,256,6.5,6000,4.3,2024
673,Realme Pro 27,Realme,Android,50MP,True,21855150,8,256,6.8,6000,2.0,2020
674,Realme Pro 28,Realme,Android,48MP,True,21518192,6,64,6.7,4500,1.5,2022
675,Realme Pro 29,Realme,Android,50MP,True,14699576,12,64,6.7,4500,4.3,2023
676,Realme Pro 29,Realme,Android,48MP,True,14974339,12,512,6.8,4000,1.6,2019
677,Realme Pro 30,Realme,Android,50MP,True,17395387,16,64,6.5,5000,3.6,2023
678,Realme Pro 5,Realme,Android,108MP,True,21921655,12,256,6.7,4000,2.7,2022
679,Realme Pro 7,Realme,Android,50MP,False,2172249,12,256,6.7,4500,2.1,2023
680,Realme Pro 8,Realme,Android,12MP,False,8160880,6,64,6.4,4500,4.6,2021
681,Realme Ultra 11,Realme,Android,12MP,True,11028722,16,64,5.5,4500,3.9,2024
682,Realme Ultra 11,Realme,Android,108MP,True,2215478,16,256,6.4,4000,1.4,2020
683,Realme Ultra 11,Realme,Android,50MP,True,10749075,6,256,6.5,6000,4.6,2023
684,Realme Ultra 13,Realme,Android,50MP,False,18699830,8,256,5.5,5000,4.6,2019
685,Realme Ultra 13,Realme,Android,64MP,False,20527337,4,256,5.5,5000,2.9,2023
686,Realme Ultra 14,Realme,Android,108MP,True,4076440,16,512,6.1,4000,2.2,2022
687,Realme Ultra 14,Realme,Android,64MP,False,12059492,6,512,6.5,4000,1.6,2021
688,Realme Ultra 14,Realme,Android,50MP,False,18840190,12,512,5.5,5000,1.3,2024
689,Realme Ultra 15,Realme,Android,48MP,True,8457311,12,64,6.4,6000,2.1,2020
690,Realme Ultra 16,Realme,Android,108MP,False,6675445,4,128,6.7,4500,3.0,2021
691,Realme Ultra 16,Realme,Android,12MP,False,23427886,12,64,6.4,6000,1.9,2021
692,Realme Ultra 16,Realme,Android,64MP,False,8883818,4,128,6.5,5000,4.1,2022
693,Realme Ultra 17,Realme,Android,64MP,True,4420963,6,128,6.1,4500,3.1,2024
694,Realme Ultra 18,Realme,Android,12MP,False,15859221,12,256,6.1,4500,1.5,2024
695,Realme Ultra 19,Realme,Android,64MP,False,8778668,6,512,6.8,4500,4.1,2020
696,Realme Ultra 20,Realme,Android,108MP,False,18754387,6,512,6.4,6000,1.8,2024
697,Realme Ultra 22,Realme,Android,64MP,False,8370325,12,512,5.5,6000,3.7,2023
698,Realme Ultra 23,Realme,Android,12MP,True,23530037,8,512,6.1,6000,1.7,2023
699,Realme Ultra 25,Realme,Android,108MP,False,15125326,12,128,5.5,4500,4.1,2023
700,Realme Ultra 25,Realme,Android,48MP,False,1543848,12,512,6.1,4500,2.9,2020
701,Realme Ultra 25,Realme,Android,12MP,True,21232763,12,512,6.5,4500,4.6,2023
702,Realme Ultra 26,Realme,Android,12MP,False,5753547,6,256,6.7,5000,3.0,2022
703,Realme Ultra 27,Realme,Android,12MP,True,12913883,8,256,6.7,4500,2.6,2022
704,Realme Ultra 30,Realme,Android,64MP,False,20152446,16,128,6.8,5000,3.7,2021
705,Realme Ultra 30,Realme,Android,64MP,True,17919919,8,64,6.7,5000,3.0,2023
706,Realme Ultra 30,Realme,Android,64MP,False,5282924,12,64,6.7,4000,2.9,2021
707,Realme Ultra 5,Realme,Android,108MP,True,3857566,4,256,5.5,6000,4.4,2019
708,Realme Ultra 6,Realme,Android,50MP,False,17223212,8,64,6.7,4500,3.8,2021
709,Realme Ultra 7,Realme,Android,12MP,False,8688113,8,64,6.1,4500,4.9,2022
710,Realme Ultra 8,Realme,Android,50MP,True,5851303,16,64,6.1,4500,1.2,2020
711,Realme Ultra 8,Realme,Android,108MP,True,10582579,16,128,6.1,4000,1.5,2020
712,Realme Ultra 9,Realme,Android,50MP,True,18859573,6,64,6.4,6000,1.1,2022
713,Samsung Max 10,Samsung,Android,50MP,True,18839355,4,512,5.5,6000,1.4,2020
714,Samsung Max 12,Samsung,Android,50MP,False,5388186,16,256,6.5,4000,1.2,2019
715,Samsung Max 14,Samsung,Android,64MP,False,11392563,6,64,6.4,4500,2.1,2022
716,Samsung Max 14,Samsung,Android,50MP,True,8625381,12,256,6.8,4000,4.8,2023
717,Samsung Max 16,Samsung,Android,50MP,True,13957467,12,64,5.5,6000,4.9,2020
718,Samsung Max 16,Samsung,Android,12MP,False,11941512,12,128,6.7,5000,2.9,2019
719,Samsung Max 17,Samsung,Android,48MP,True,19005580,16,256,5.5,6000,4.0,2021
720,Samsung Max 18,Samsung,Android,12MP,True,2363295,12,256,6.1,5000,1.1,2019
721,Samsung Max 18,Samsung,Android,48MP,True,6767320,8,512,6.7,5000,4.8,2023
722,Samsung Max 18,Samsung,Android,108MP,True,21222536,12,128,5.5,4000,3.3,2023
723,Samsung Max 18,Samsung,Android,12MP,True,21006863,16,128,6.4,4000,3.0,2020
724,Samsung Max 20,Samsung,Android,108MP,False,12339030,8,512,5.5,4500,3.0,2023
725,Samsung Max 20,Samsung,Android,48MP,False,15573726,12,256,5.5,4000,4.1,2021
726,Samsung Max 22,Samsung,Android,12MP,False,9529787,4,512,6.7,6000,2.9,2024
727,Samsung Max 23,Samsung,Android,64MP,False,10595253,4,512,6.1,4500,3.2,2024
728,Samsung Max 24,Samsung,Android,108MP,False,24283873,8,128,6.4,5000,2.8,2022
729,Samsung Max 24,Samsung,Android,108MP,True,2913167,8,128,6.5,4500,2.3,2020
730,Samsung Max 24,Samsung,Android,12MP,False,12193503,12,256,6.4,6000,2.6,2022
731,Samsung Max 25,Samsung,Android,12MP,True,15252644,12,512,6.1,4500,4.6,2021
732,Samsung Max 25,Samsung,Android,108MP,False,18491146,4,128,6.4,4500,4.5,2019
733,Samsung Max 26,Samsung,Android,50MP,False,14950161,12,512,5.5,6000,4.3,2021
734,Samsung Max 26,Samsung,Android,48MP,False,23051763,4,512,6.5,4000,3.9,2019
735,Samsung Max 28,Samsung,Android,48MP,False,13219219,4,64,6.7,6000,3.2,2021
736,Samsung Max 28,Samsung,Android,12MP,False,21458925,4,256,6.8,4500,4.3,2020
737,Samsung Max 29,Samsung,Android,64MP,False,24261645,16,512,6.7,6000,1.2,2023
738,Samsung Max 30,Samsung,Android,12MP,False,11718028,8,128,5.5,5000,2.1,2022
739,Samsung Max 30,Samsung,Android,64MP,True,3866755,8,256,6.7,4500,4.5,2023
740,Samsung Max 30,Samsung,Android,64MP,True,1987608,6,512,6.1,6000,3.1,2021
741,Samsung Max 5,Samsung,Android,50MP,True,15247695,8,256,5.5,4500,2.3,2019
742,Samsung Max 5,Samsung,Android,64MP,False,18642958,8,128,6.4,6000,2.4,2021
743,Samsung Max 6,Samsung,Android,48MP,False,13745538,16,512,5.5,4000,3.9,2019
744,Samsung Max 7,Samsung,Android,12MP,True,21033265,6,512,6.7,5000,2.2,2023
745,Samsung Note 15,Samsung,Android,48MP,True,9414993,16,64,6.1,5000,2.6,2019
746,Samsung Note 15,Samsung,Android,64MP,True,15426365,6,128,6.1,4000,2.3,2019
747,Samsung Note 16,Samsung,Android,50MP,True,10835276,12,256,6.4,6000,1.5,2023
748,Samsung Note 17,Samsung,Android,12MP,True,1609969,4,128,6.4,6000,4.9,2023
749,Samsung Note 17,Samsung,Android,108MP,True,17552103,16,64,5.5,4000,3.9,2020
750,Samsung Note 19,Samsung,Android,108MP,True,16161072,16,64,6.5,6000,1.2,2023
751,Samsung Note 20,Samsung,Android,48MP,False,11989537,12,512,6.5,5000,3.1,2022
752,Samsung Note 21,Samsung,Android,12MP,False,14835439,12,128,5.5,6000,4.5,2020
753,Samsung Note 22,Samsung,Android,12MP,False,4749255,6,64,6.8,5000,4.4,2022
754,Samsung Note 22,Samsung,Android,12MP,True,6086585,6,128,6.5,5000,2.4,2022
755,Samsung Note 23,Samsung,Android,48MP,True,8749452,6,256,5.5,4000,3.6,2023
756,Samsung Note 23,Samsung,Android,48MP,False,24060437,8,512,6.7,6000,2.4,2019
757,Samsung Note 25,Samsung,Android,50MP,True,15516033,6,128,6.8,5000,1.3,2023
758,Samsung Note 25,Samsung,Android,12MP,True,9121191,16,64,6.5,4500,2.9,2020
759,Samsung Note 27,Samsung,Android,64MP,False,18589276,12,64,6.1,4500,3.9,2023
760,Samsung Note 28,Samsung,Android,12MP,False,6923289,6,512,5.5,4000,4.2,2019
761,Samsung Note 28,Samsung,Android,50MP,False,6659704,8,512,6.7,4500,2.3,2022
762,Samsung Note 29,Samsung,Android,12MP,False,24208109,6,256,6.4,5000,3.6,2020
763,Samsung Note 29,Samsung,Android,50MP,False,2453928,8,256,6.8,5000,3.1,2021
764,Samsung Note 5,Samsung,Android,12MP,True,19876000,8,512,6.5,4000,4.8,2022
765,Samsung Note 5,Samsung,Android,108MP,True,12619391,4,64,5.5,4000,1.8,2021
766,Samsung Note 6,Samsung,Android,64MP,False,22245436,6,512,6.8,4500,3.2,2024
767,Samsung Note 8,Samsung,Android,12MP,False,9638947,4,128,6.7,5000,4.0,2019
768,Samsung Pro 10,Samsung,Android,50MP,True,15654532,4,128,6.5,4000,2.1,2023
769,Samsung Pro 13,Samsung,Android,64MP,False,16550691,4,128,6.7,5000,3.2,2023
770,Samsung Pro 15,Samsung,Android,12MP,False,23057180,4,128,6.8,6000,2.2,2022
771,Samsung Pro 17,Samsung,Android,48MP,True,14335313,4,512,6.1,6000,2.7,2021
772,Samsung Pro 17,Samsung,Android,50MP,True,3482554,6,512,6.8,4000,2.7,2024
773,Samsung Pro 17,Samsung,Android,48MP,False,17417565,6,256,6.5,4000,4.9,2022
774,Samsung Pro 20,Samsung,Android,108MP,True,21950082,16,256,6.5,4500,2.2,2021
775,Samsung Pro 21,Samsung,Android,12MP,True,8342812,12,128,6.4,4500,3.0,2022
776,Samsung Pro 21,Samsung,Android,48MP,False,6188913,12,256,6.8,4500,1.8,2019
777,Samsung Pro 21,Samsung,Android,64MP,True,12078392,12,64,5.5,6000,3.2,2019
778,Samsung Pro 22,Samsung,Android,12MP,True,21957828,12,128,6.5,6000,4.1,2024
779,Samsung Pro 22,Samsung,Android,12MP,True,18105759,16,64,6.7,4000,5.0,2023
780,Samsung Pro 23,Samsung,Android,12MP,False,22315129,8,256,5.5,4000,4.0,2024
781,Samsung Pro 25,Samsung,Android,108MP,True,14798198,6,256,6.7,4000,1.8,2022
782,Samsung Pro 25,Samsung,Android,48MP,False,17631617,6,256,6.4,5000,3.9,2023
783,Samsung Pro 25,Samsung,Android,12MP,True,21946284,16,64,6.5,4000,3.9,2022
784,Samsung Pro 26,Samsung,Android,64MP,False,19431235,4,64,6.1,5000,4.5,2022
785,Samsung Pro 27,Samsung,Android,108MP,True,8078234,16,128,6.1,5000,3.8,2024
786,Samsung Pro 27,Samsung,Android,48MP,True,21828750,8,128,5.5,6000,2.6,2020
787,Samsung Pro 29,Samsung,Android,12MP,True,23841161,6,64,6.8,6000,3.9,2021
788,Samsung Pro 29,Samsung,Android,108MP,True,22680434,12,128,6.1,4000,4.0,2019
789,Samsung Pro 30,Samsung,Android,108MP,True,8897920,12,512,6.4,5000,2.8,2022
790,Samsung Pro 5,Samsung,Android,48MP,True,8222336,16,64,6.4,4000,2.8,2021
791,Samsung Pro 6,Samsung,Android,48MP,True,7226949,12,256,6.8,6000,2.8,2023
792,Samsung Pro 9,Samsung,Android,64MP,True,16099252,6,128,6.8,4500,3.3,2020
793,Samsung Pro 9,Samsung,Android,108MP,True,3240576,4,64,6.4,6000,2.5,2021
794,Samsung Pro 9,Samsung,Android,12MP,False,6833387,6,256,6.8,6000,4.1,2019
795,Samsung Ultra 10,Samsung,Android,50MP,True,20134627,12,256,6.5,6000,3.1,2023
796,Samsung Ultra 12,Samsung,Android,108MP,True,19406951,16,512,6.8,4000,2.9,2023
797,Samsung Ultra 14,Samsung,Android,64MP,True,19887641,4,512,6.5,4500,4.7,2023
798,Samsung Ultra 14,Samsung,Android,48MP,False,3984532,8,128,6.4,6000,4.6,2022
799,Samsung Ultra 18,Samsung,Android,64MP,True,1524570,8,128,6.8,5000,2.3,2023
800,Samsung Ultra 20,Samsung,Android,64MP,False,4233694,16,256,5.5,6000,3.7,2021
801,Samsung Ultra 20,Samsung,Android,12MP,False,14128594,4,128,6.1,4000,4.0,2019
802,Samsung Ultra 24,Samsung,Android,12MP,False,9901631,12,64,6.4,4500,2.9,2024
803,Samsung Ultra 25,Samsung,Android,48MP,True,15978806,6,256,6.8,5000,1.0,2019
804,Samsung Ultra 26,Samsung,Android,108MP,False,18178686,4,512,6.1,4000,1.0,2023
805,Samsung Ultra 26,Samsung,Android,48MP,True,3237894,8,64,6.8,5000,4.5,2023
806,Samsung Ultra 26,Samsung,Android,108MP,True,9632018,16,128,6.7,6000,1.6,2023
807,Samsung Ultra 26,Samsung,Android,50MP,False,18079343,16,512,6.8,6000,2.2,2021
808,Samsung Ultra 26,Samsung,Android,64MP,False,11207804,12,256,6.1,4000,3.8,2021
809,Samsung Ultra 28,Samsung,Android,50MP,True,12168074,4,512,6.1,6000,4.9,2021
810,Samsung Ultra 28,Samsung,Android,108MP,False,6627638,4,256,6.5,6000,4.3,2020
811,Samsung Ultra 7,Samsung,Android,64MP,False,1855991,8,128,6.5,6000,1.8,2023
812,Samsung Ultra 8,Samsung,Android,48MP,True,18248769,6,64,6.4,5000,2.2,2019
813,Samsung Ultra 9,Samsung,Android,50MP,True,14580784,12,64,6.7,4000,3.6,2022
814,Vivo Max 10,Vivo,Android,50MP,True,15801842,16,128,6.8,5000,2.6,2020
815,Vivo Max 12,Vivo,Android,12MP,True,15990864,16,128,6.8,4500,1.9,2019
816,Vivo Max 13,Vivo,Android,48MP,False,13211798,16,128,6.7,5000,1.9,2019
817,Vivo Max 15,Vivo,Android,48MP,False,14848840,4,64,6.5,6000,1.3,2020
818,Vivo Max 16,Vivo,Android,108MP,False,13062991,4,512,6.4,6000,2.3,2020
819,Vivo Max 17,Vivo,Android,108MP,False,23858993,16,64,5.5,4500,2.3,2019
820,Vivo Max 17,Vivo,Android,12MP,True,19336961,6,512,6.5,4000,3.7,2021
821,Vivo Max 18,Vivo,Android,48MP,True,12718450,12,256,6.1,6000,4.4,2020
822,Vivo Max 20,Vivo,Android,12MP,False,8483654,16,512,6.7,4500,3.6,2023
823,Vivo Max 20,Vivo,Android,12MP,False,24295423,6,64,6.8,6000,3.6,2019
824,Vivo Max 20,Vivo,Android,64MP,True,17161206,8,128,5.5,4000,1.0,2024
825,Vivo Max 22,Vivo,Android,12MP,True,6403617,12,64,6.4,4000,3.2,2024
826,Vivo Max 22,Vivo,Android,48MP,False,8808804,12,128,6.8,5000,3.5,2022
827,Vivo Max 22,Vivo,Android,108MP,False,24818356,6,128,6.1,6000,4.8,2020
828,Vivo Max 23,Vivo,Android,108MP,True,19306399,6,128,6.4,6000,1.9,2022
829,Vivo Max 23,Vivo,Android,64MP,False,7956105,6,512,5.5,5000,1.5,2022
830,Vivo Max 23,Vivo,Android,48MP,True,22106182,4,64,6.7,6000,3.0,2023
831,Vivo Max 25,Vivo,Android,12MP,False,8762609,16,256,6.5,4000,4.2,2023
832,Vivo Max 25,Vivo,Android,50MP,True,23656448,16,512,6.8,4500,1.4,2022
833,Vivo Max 28,Vivo,Android,64MP,False,23199905,4,256,5.5,6000,1.5,2022
834,Vivo Max 28,Vivo,Android,108MP,True,8760117,6,512,6.4,4000,3.9,2022
835,Vivo Max 29,Vivo,Android,48MP,True,11754999,8,64,6.5,4500,1.9,2019
836,Vivo Max 5,Vivo,Android,64MP,False,11294002,12,512,6.1,6000,3.5,2019
837,Vivo Max 5,Vivo,Android,12MP,False,6438133,16,128,6.5,4000,3.6,2021
838,Vivo Max 5,Vivo,Android,108MP,True,23061947,12,128,6.1,6000,2.2,2019
839,Vivo Max 5,Vivo,Android,108MP,False,8852580,4,64,6.5,5000,2.1,2023
840,Vivo Max 7,Vivo,Android,12MP,False,17475120,8,64,6.1,4500,4.9,2023
841,Vivo Max 7,Vivo,Android,12MP,True,2076163,12,128,6.5,5000,3.3,2020
842,Vivo Max 7,Vivo,Android,48MP,False,23315535,6,64,6.5,4500,3.7,2023
843,Vivo Max 8,Vivo,Android,50MP,True,13461216,12,512,6.4,4000,4.9,2021
844,Vivo Max 9,Vivo,Android,108MP,True,7156708,8,512,6.5,6000,4.1,2020
845,Vivo Max 9,Vivo,Android,48MP,False,5715418,16,256,6.1,6000,4.7,2022
846,Vivo Note 10,Vivo,Android,48MP,True,16942759,4,64,5.5,4500,4.3,2019
847,Vivo Note 11,Vivo,Android,50MP,False,9881053,12,128,6.8,6000,4.8,2021
848,Vivo Note 11,Vivo,Android,12MP,False,23523848,8,128,6.7,4500,3.4,2021
849,Vivo Note 11,Vivo,Android,48MP,False,20165495,6,256,6.4,4000,1.5,2023
850,Vivo Note 12,Vivo,Android,50MP,False,8666064,8,128,6.4,5000,3.2,2022
851,Vivo Note 13,Vivo,Android,64MP,True,3194283,12,256,6.7,6000,1.5,2019
852,Vivo Note 13,Vivo,Android,108MP,True,5219669,16,64,6.8,6000,3.3,2020
853,Vivo Note 16,Vivo,Android,64MP,False,16469521,6,64,6.7,5000,4.0,2021
854,Vivo Note 16,Vivo,Android,108MP,False,1937352,8,64,6.7,4000,1.7,2024
855,Vivo Note 19,Vivo,Android,12MP,False,9701677,16,128,6.5,5000,4.3,2024
856,Vivo Note 20,Vivo,Android,108MP,False,24872568,12,512,5.5,5000,2.0,2024
857,Vivo Note 21,Vivo,Android,48MP,True,17543198,16,512,6.4,6000,1.4,2019
858,Vivo Note 21,Vivo,Android,48MP,True,24642910,4,64,6.4,4000,3.1,2021
859,Vivo Note 21,Vivo,Android,50MP,False,11806922,8,512,6.7,4500,1.3,2019
860,Vivo Note 23,Vivo,Android,108MP,False,12680260,12,64,6.5,4500,4.6,2021
861,Vivo Note 24,Vivo,Android,50MP,True,22332523,6,256,6.5,5000,2.0,2021
862,Vivo Note 24,Vivo,Android,50MP,True,7066102,4,128,6.4,4500,2.4,2023
863,Vivo Note 26,Vivo,Android,64MP,False,4781927,4,64,6.4,6000,3.7,2023
864,Vivo Note 7,Vivo,Android,48MP,True,2293427,8,512,6.4,4500,3.0,2021
865,Vivo Note 9,Vivo,Android,64MP,False,4770379,4,512,6.8,4000,3.9,2019
866,Vivo Note 9,Vivo,Android,12MP,False,24898026,8,512,6.7,5000,2.1,2020
867,Vivo Note 9,Vivo,Android,108MP,False,13689700,4,128,6.4,4500,2.6,2023
868,Vivo Pro 10,Vivo,Android,48MP,True,20530582,8,64,6.7,4500,2.9,2019
869,Vivo Pro 10,Vivo,Android,48MP,False,9802276,8,256,6.5,6000,3.3,2020
870,Vivo Pro 11,Vivo,Android,64MP,False,8655493,8,64,6.8,5000,3.9,2021
871,Vivo Pro 13,Vivo,Android,64MP,False,16874135,6,64,6.8,4500,2.9,2020
872,Vivo Pro 14,Vivo,Android,12MP,False,24902356,12,64,6.8,4000,2.7,2019
873,Vivo Pro 16,Vivo,Android,48MP,True,11048595,6,512,5.5,4000,2.8,2021
874,Vivo Pro 16,Vivo,Android,50MP,True,11804628,4,64,6.8,4500,2.5,2021
875,Vivo Pro 16,Vivo,Android,48MP,True,4309809,12,64,5.5,4000,2.6,2019
876,Vivo Pro 19,Vivo,Android,50MP,False,14208269,4,512,6.8,5000,1.3,2022
877,Vivo Pro 19,Vivo,Android,48MP,False,21961694,8,64,5.5,4000,2.3,2022
878,Vivo Pro 20,Vivo,Android,50MP,False,5942946,4,256,6.7,4000,1.9,2023
879,Vivo Pro 20,Vivo,Android,50MP,False,4335923,16,128,6.8,4000,4.0,2020
880,Vivo Pro 21,Vivo,Android,108MP,False,10116392,4,64,6.5,5000,4.5,2023
881,Vivo Pro 23,Vivo,Android,12MP,False,21423889,6,128,6.7,6000,2.2,2019
882,Vivo Pro 23,Vivo,Android,50MP,False,21597718,8,512,6.1,6000,1.7,2021
883,Vivo Pro 23,Vivo,Android,108MP,False,16013329,8,128,6.7,4000,1.2,2020
884,Vivo Pro 23,Vivo,Android,12MP,False,20603075,8,64,6.7,4500,3.8,2024
885,Vivo Pro 24,Vivo,Android,50MP,False,18966488,16,512,6.8,5000,2.5,2020
886,Vivo Pro 25,Vivo,Android,48MP,True,14702665,6,512,5.5,5000,4.8,2021
887,Vivo Pro 27,Vivo,Android,48MP,True,21281333,8,512,5.5,5000,4.1,2023
888,Vivo Pro 28,Vivo,Android,48MP,False,17888050,8,512,6.1,4000,1.4,2019
889,Vivo Pro 28,Vivo,Android,108MP,True,21738855,16,256,6.1,6000,2.1,2023
890,Vivo Pro 28,Vivo,Android,64MP,True,2569620,12,512,6.8,4000,4.7,2023
891,Vivo Pro 29,Vivo,Android,12MP,True,21417593,4,64,6.5,6000,1.8,2022
892,Vivo Pro 29,Vivo,Android,50MP,False,7297723,12,256,6.7,4000,1.4,2024
893,Vivo Pro 30,Vivo,Android,64MP,True,19926034,16,64,6.5,5000,1.5,2024
894,Vivo Pro 5,Vivo,Android,12MP,True,4970315,4,256,6.1,4000,2.2,2021
895,Vivo Pro 5,Vivo,Android,108MP,True,18250821,6,64,6.5,6000,3.6,2022
896,Vivo Pro 6,Vivo,Android,48MP,True,7113981,8,64,6.1,4500,3.6,2019
897,Vivo Pro 7,Vivo,Android,50MP,True,8933014,12,128,6.5,4000,1.4,2020
898,Vivo Ultra 12,Vivo,Android,108MP,False,20788853,16,512,6.1,5000,4.5,2020
899,Vivo Ultra 13,Vivo,Android,48MP,True,9089429,6,512,6.8,6000,1.1,2022
900,Vivo Ultra 13,Vivo,Android,50MP,True,16249626,6,512,6.7,4000,3.7,2023
901,Vivo Ultra 14,Vivo,Android,50MP,True,2671752,16,512,6.8,5000,1.2,2020
902,Vivo Ultra 15,Vivo,Android,50MP,True,2185359,16,256,6.5,5000,4.7,2022
903,Vivo Ultra 15,Vivo,Android,48MP,True,10385010,12,128,6.7,4500,4.8,2019
904,Vivo Ultra 18,Vivo,Android,108MP,False,24425431,16,256,6.7,5000,2.5,2023
905,Vivo Ultra 18,Vivo,Android,48MP,True,24088342,6,128,6.5,5000,4.6,2023
906,Vivo Ultra 18,Vivo,Android,108MP,True,18228986,4,128,6.5,6000,4.9,2020
907,Vivo Ultra 20,Vivo,Android,12MP,False,5340081,4,64,6.4,4000,4.7,2020
908,Vivo Ultra 20,Vivo,Android,48MP,False,17669319,16,256,6.4,4500,3.5,2023
909,Vivo Ultra 20,Vivo,Android,50MP,True,13351314,16,64,6.8,6000,3.4,2022
910,Vivo Ultra 22,Vivo,Android,64MP,True,24192734,4,128,6.1,6000,1.8,2024
911,Vivo Ultra 23,Vivo,Android,64MP,False,18788759,12,128,6.7,5000,1.9,2020
912,Vivo Ultra 25,Vivo,Android,64MP,False,21541669,6,64,6.7,4500,4.6,2021
913,Vivo Ultra 25,Vivo,Android,50MP,False,9472567,6,128,5.5,5000,1.8,2020
914,Vivo Ultra 27,Vivo,Android,12MP,False,15270203,16,512,6.4,4000,1.3,2022
915,Vivo Ultra 29,Vivo,Android,12MP,True,10382846,16,256,6.4,4000,1.1,2020
916,Vivo Ultra 5,Vivo,Android,64MP,True,17650455,16,64,6.5,4000,1.9,2022
917,Vivo Ultra 5,Vivo,Android,64MP,False,24422921,6,64,6.5,5000,2.0,2022
918,Vivo Ultra 5,Vivo,Android,50MP,False,9927049,6,64,5.5,6000,1.4,2023
919,Vivo Ultra 7,Vivo,Android,50MP,True,19779688,16,512,6.7,4000,2.5,2019
920,Vivo Ultra 7,Vivo,Android,108MP,False,15015792,12,256,6.7,5000,1.2,2020
921,Vivo Ultra 7,Vivo,Android,108MP,False,18009641,6,256,6.1,4000,1.7,2023
922,Xiaomi Max 10,Xiaomi,Android,48MP,True,17638872,16,128,6.8,6000,4.5,2019
923,Xiaomi Max 11,Xiaomi,Android,48MP,False,24988565,8,512,6.1,5000,1.7,2019
924,Xiaomi Max 18,Xiaomi,Android,48MP,False,8048529,4,512,6.4,4500,2.7,2020
925,Xiaomi Max 18,Xiaomi,Android,108MP,True,12420823,16,128,5.5,4500,2.0,2020
926,Xiaomi Max 19,Xiaomi,Android,108MP,True,24572446,4,128,6.4,5000,3.0,2019
927,Xiaomi Max 19,Xiaomi,Android,64MP,False,8635712,16,128,6.1,4000,3.3,2021
928,Xiaomi Max 20,Xiaomi,Android,108MP,False,8671699,8,512,6.4,6000,2.4,2023
929,Xiaomi Max 20,Xiaomi,Android,64MP,True,8821294,8,64,6.5,4500,2.7,2023
930,Xiaomi Max 21,Xiaomi,Android,64MP,True,13963423,4,256,6.8,4000,1.5,2023
931,Xiaomi Max 21,Xiaomi,Android,108MP,True,7767626,12,512,6.4,6000,4.5,2022
932,Xiaomi Max 22,Xiaomi,Android,48MP,True,14451135,8,256,6.1,4000,3.4,2019
933,Xiaomi Max 24,Xiaomi,Android,50MP,True,17203595,16,128,6.4,4500,4.3,2019
934,Xiaomi Max 24,Xiaomi,Android,12MP,False,22483365,6,64,5.5,5000,2.8,2024
935,Xiaomi Max 28,Xiaomi,Android,48MP,True,2509727,12,128,6.8,6000,3.2,2024
936,Xiaomi Max 29,Xiaomi,Android,48MP,False,14095432,8,512,6.1,4000,3.8,2023
937,Xiaomi Max 9,Xiaomi,Android,108MP,True,12963591,16,512,6.1,4500,2.4,2024
938,Xiaomi Note 10,Xiaomi,Android,12MP,False,18099719,8,512,6.7,4000,1.0,2021
939,Xiaomi Note 11,Xiaomi,Android,108MP,False,3400434,12,64,6.7,4000,4.0,2020
940,Xiaomi Note 13,Xiaomi,Android,12MP,True,11559235,12,512,6.8,5000,2.7,2022
941,Xiaomi Note 16,Xiaomi,Android,108MP,True,12326361,12,512,6.4,5000,3.6,2020
942,Xiaomi Note 17,Xiaomi,Android,48MP,True,24092656,4,256,6.7,4500,3.8,2022
943,Xiaomi Note 17,Xiaomi,Android,48MP,True,12560660,6,512,6.8,6000,1.4,2020
944,Xiaomi Note 18,Xiaomi,Android,50MP,True,3797812,16,128,6.8,6000,3.6,2019
945,Xiaomi Note 18,Xiaomi,Android,48MP,True,8785589,4,64,6.1,6000,1.0,2024
946,Xiaomi Note 18,Xiaomi,Android,48MP,True,16961787,8,512,5.5,5000,4.7,2019
947,Xiaomi Note 18,Xiaomi,Android,108MP,True,23502316,12,64,5.5,5000,3.3,2021
948,Xiaomi Note 19,Xiaomi,Android,108MP,True,14507246,12,128,6.8,4500,3.7,2021
949,Xiaomi Note 21,Xiaomi,Android,12MP,True,1841971,6,64,6.1,6000,3.7,2019
950,Xiaomi Note 21,Xiaomi,Android,64MP,False,13519693,6,256,6.7,6000,2.9,2021
951,Xiaomi Note 23,Xiaomi,Android,12MP,True,13305789,4,512,6.4,5000,4.0,2023
952,Xiaomi Note 26,Xiaomi,Android,50MP,True,10910184,4,64,6.7,4500,3.8,2022
953,Xiaomi Note 26,Xiaomi,Android,64MP,False,4712132,6,64,6.4,4000,2.2,2023
954,Xiaomi Note 26,Xiaomi,Android,12MP,False,6603944,6,512,6.7,4000,2.2,2022
955,Xiaomi Note 26,Xiaomi,Android,48MP,False,22410487,12,512,6.7,4500,3.1,2020
956,Xiaomi Note 27,Xiaomi,Android,48MP,False,1722987,12,512,6.7,4500,3.9,2019
957,Xiaomi Note 28,Xiaomi,Android,48MP,True,24039907,6,128,5.5,4500,2.9,2022
958,Xiaomi Note 28,Xiaomi,Android,48MP,False,19172150,16,256,6.8,5000,1.4,2023
959,Xiaomi Note 6,Xiaomi,Android,12MP,True,3564421,6,512,6.8,4000,2.4,2021
960,Xiaomi Note 9,Xiaomi,Android,64MP,True,18215765,12,256,6.4,6000,2.1,2024
961,Xiaomi Pro 10,Xiaomi,Android,48MP,False,24004211,6,64,6.4,6000,2.2,2020
962,Xiaomi Pro 10,Xiaomi,Android,48MP,False,15532190,16,128,6.5,6000,4.1,2021
963,Xiaomi Pro 17,Xiaomi,Android,48MP,False,24709767,8,512,6.4,4500,4.5,2021
964,Xiaomi Pro 18,Xiaomi,Android,50MP,True,8777003,8,64,5.5,4000,1.5,2019
965,Xiaomi Pro 19,Xiaomi,Android,64MP,True,14696451,16,512,6.8,6000,4.8,2022
966,Xiaomi Pro 19,Xiaomi,Android,64MP,True,7233255,6,128,6.7,4000,2.2,2023
967,Xiaomi Pro 20,Xiaomi,Android,12MP,True,22884761,8,64,6.8,6000,3.9,2019
968,Xiaomi Pro 21,Xiaomi,Android,108MP,False,16239610,6,128,6.1,5000,4.1,2021
969,Xiaomi Pro 21,Xiaomi,Android,50MP,True,23834566,12,512,6.1,5000,2.3,2022
970,Xiaomi Pro 23,Xiaomi,Android,50MP,False,2229648,4,128,5.5,4000,3.0,2021
971,Xiaomi Pro 24,Xiaomi,Android,108MP,False,1672124,8,512,6.4,4000,3.5,2021
972,Xiaomi Pro 27,Xiaomi,Android,64MP,True,23735377,8,256,5.5,4500,1.2,2022
973,Xiaomi Pro 28,Xiaomi,Android,108MP,True,19509456,16,512,6.8,5000,2.9,2021
974,Xiaomi Pro 29,Xiaomi,Android,50MP,True,17070709,16,256,6.8,5000,3.2,2024
975,Xiaomi Pro 30,Xiaomi,Android,50MP,True,6801592,12,512,6.8,4500,1.1,2019
976,Xiaomi Pro 8,Xiaomi,Android,12MP,False,3831230,12,128,6.1,5000,4.3,2021
977,Xiaomi Ultra 10,Xiaomi,Android,64MP,False,20617618,8,128,6.4,5000,1.8,2024
978,Xiaomi Ultra 11,Xiaomi,Android,50MP,False,13832487,12,256,6.4,5000,4.9,2019
979,Xiaomi Ultra 12,Xiaomi,Android,12MP,False,10449575,6,512,6.8,4000,1.6,2019
980,Xiaomi Ultra 14,Xiaomi,Android,64MP,False,12797728,12,128,5.5,4500,3.3,2021
981,Xiaomi Ultra 15,Xiaomi,Android,12MP,True,10126023,4,256,5.5,6000,1.3,2019
982,Xiaomi Ultra 16,Xiaomi,Android,50MP,False,14824399,8,256,6.4,6000,3.5,2021
983,Xiaomi Ultra 18,Xiaomi,Android,50MP,True,20662668,8,128,6.8,4500,4.8,2023
984,Xiaomi Ultra 19,Xiaomi,Android,64MP,True,11064818,8,512,6.1,4000,4.2,2019
985,Xiaomi Ultra 19,Xiaomi,Android,108MP,True,13360094,12,64,6.5,5000,4.5,2023
986,Xiaomi Ultra 19,Xiaomi,Android,12MP,True,16720118,6,256,5.5,4500,2.6,2022
987,Xiaomi Ultra 20,Xiaomi,Android,64MP,True,6867923,8,64,6.8,4000,4.4,2023
988,Xiaomi Ultra 21,Xiaomi,Android,108MP,True,1681883,6,256,5.5,6000,1.8,2021
989,Xiaomi Ultra 21,Xiaomi,Android,50MP,False,16823532,16,512,6.5,6000,4.4,2022
990,Xiaomi Ultra 24,Xiaomi,Android,48MP,True,14489528,6,128,6.7,5000,3.8,2019
991,Xiaomi Ultra 24,Xiaomi,Android,12MP,False,21791061,8,256,6.8,4000,1.1,2019
992,Xiaomi Ultra 25,Xiaomi,Android,50MP,True,24946717,6,64,6.1,4000,3.5,2021
993,Xiaomi Ultra 26,Xiaomi,Android,12MP,True,21276331,12,128,6.8,4000,3.6,2022
994,Xiaomi Ultra 27,Xiaomi,Android,50MP,True,10816378,4,64,5.5,5000,1.1,2023
995,Xiaomi Ultra 28,Xiaomi,Android,12MP,False,21661360,4,512,6.4,4500,3.8,2024
996,Xiaomi Ultra 29,Xiaomi,Android,64MP,False,5711486,6,512,6.1,6000,2.2,2019
997,Xiaomi Ultra 5,Xiaomi,Android,64MP,True,8209176,4,512,6.8,4500,3.4,2024
998,Xiaomi Ultra 6,Xiaomi,Android,12MP,True,22461611,6,512,6.4,4500,3.7,2021
999,Xiaomi Ultra 7,Xiaomi,Android,48MP,False,9979176,6,64,6.7,4500,2.0,2024
1000,Xiaomi Ultra 9,Xiaomi,Android,64MP,True,22493489,4,128,6.1,4000,4.9,2019
